uid,date,plotID,subplotID,nestedSubplotID,tagID,supportingStemTagID,pointID,stemAzimuth,stemDistance,scientificName,identificationQualifier,growthForm,remarks,Other
195,20141124,OSBS_026,41,4,2203,,25,357.6,33.8,Pinus palustris,,sbt,NTEF,a
196,20141124,OSBS_026,41,4,2204,,25,353,37.3,Pinus palustris,,sbt,,b
197,20141124,OSBS_026,41,4,2205,,25,349.6,39.2,Pinus palustris,,sbt,,c
198,20141124,OSBS_026,41,4,2206,,25,342.7,39.3,Pinus palustris,,sbt,,d
199,20141124,OSBS_026,41,4,2207,,25,342.6,39.6,Quercus laevis,,sbt,,e
200,20141124,OSBS_026,41,3,2208,,25,334.5,41.7,Pinus palustris,,sbt,,f
201,20141124,OSBS_026,41,1,2190,,25,318.3,29.5,Quercus laevis,,sbt,,g
202,20141124,OSBS_026,41,1,2191,,25,325.4,29.6,Pinus palustris,,sbt,,a
203,20141124,OSBS_026,41,1,2210,,25,330.7,32.1,Pinus palustris,,sbt,,b
204,20141124,OSBS_026,41,1,2209,,25,335.4,32.1,Pinus palustris,,sbt,,c
205,20141124,OSBS_026,41,2,2195,,25,339.4,29.8,Quercus laevis,,sbt,NTEF,d
206,20141124,OSBS_026,41,4,2196,,25,341.5,31.7,Pinus palustris,,sbt,,e
207,20141124,OSBS_026,41,2,2194,,25,340.8,27.5,Quercus laevis,,sbt,,f
208,20141124,OSBS_026,41,4,2197,,39,74.5,34,Pinus palustris,,sbt,,g
209,20141124,OSBS_026,41,2,2199,,25,347.1,24,Pinus palustris,,sbt,,a
210,20141124,OSBS_026,41,2,2200,,25,350.6,24.5,Pinus palustris,,sbt,,b
211,20141124,OSBS_026,41,2,2201,,25,351.5,24.6,Pinus palustris,,sbt,,c
212,20141124,OSBS_026,41,4,2202,,25,358.9,29.5,Pinus palustris,,sbt,,d
213,20141124,OSBS_026,41,2,2227,,25,358.3,19.9,Pinus palustris,,sbt,,e
214,20141124,OSBS_026,23,4,2228,,25,359.8,10.8,Quercus laevis,,sbt,,f
215,20141124,OSBS_026,23,2,2226,,25,326.6,10.5,Pinus palustris,,sbt,NTEF,g
216,20141124,OSBS_026,23,2,2223,,25,318.8,11.7,Pinus palustris,,sbt,,a
217,20141124,OSBS_026,23,3,2212,,25,320.1,16.4,Quercus laevis,,sbt,,b
218,20141124,OSBS_026,23,3,2214,,25,313.4,17.7,Pinus palustris,,sbt,NTEF,c
219,20141124,OSBS_026,23,3,2216,,25,310.8,18.9,Pinus palustris,,sbt,,d
220,20141124,OSBS_026,23,3,2217,,25,308.1,19.7,Pinus palustris,,sbt,,e
221,20141124,OSBS_026,23,3,2218,,25,304.4,18.8,Pinus palustris,,sbt,,f
222,20141124,OSBS_026,23,3,2219,,25,297.9,19.5,Pinus palustris,,sbt,,g
223,20141124,OSBS_026,23,1,2223,,25,280.9,19.9,Quercus laevis,,sbt,,a
224,20141124,OSBS_026,23,1,2221,,25,278.1,23,Pinus palustris,,sbt,,b
225,20141124,OSBS_026,23,1,2222,,25,273.1,22.4,Quercus geminata Small,,sbt,,c
226,20141124,OSBS_026,39,3,2232,,39,17.2,17.9,Quercus laevis,,sbt,,d
227,20141124,OSBS_026,39,1,2231,,39,28.1,5.4,Pinus palustris,,sbt,,e
228,20141124,OSBS_026,39,4,2189,,39,90.3,17.6,Pinus palustris,,sbt,NTEF,f
229,20141124,OSBS_026,39,4,2220,,39,102.6,17.5,Pinus palustris,,sbt,,g
230,20141124,OSBS_026,39,1,2229,,39,169.4,15.6,Pinus palustris,,sbt,,a
231,20141124,OSBS_026,39,1,2230,,39,155,10.3,Pinus palustris,,sbt,,b
232,20141124,OSBS_026,23,2,2779,,,,,Quercus laevis,,sms,NTEF,c
233,20141124,OSBS_026,23,2,2781,,,,,Quercus laevis,,sms,,d
234,20141124,OSBS_026,23,2,2780,,,,,Pinus palustris,,sap,,e
235,20141124,OSBS_026,23,2,2834,,,,,Quercus laevis,,sms,,f
236,20141124,OSBS_026,23,2,2835,,,,,Quercus laevis,,sms,,g
237,20141124,OSBS_026,23,2,2832,,,,,Pinus palustris,,sap,,a
238,20141124,OSBS_026,23,2,2833,,,,,Pinus palustris,,sap,,b
239,20141124,OSBS_026,23,4,2829,,,,,Pinus palustris,,sap,,c
240,20141124,OSBS_026,23,4,2828,,,,,Pinus palustris,,sap,,d
241,20141124,OSBS_026,23,4,2830,,,,,Pinus palustris,,sap,,e
242,20141124,OSBS_026,23,4,2827,,,,,Quercus laevis,,sms,NTEF,f
243,20141124,OSBS_026,23,4,2831,,,,,Quercus laevis,,sms,,g
244,20141124,OSBS_026,23,2,2836,,,,,Pinus palustris,,smt,,a
245,20141124,OSBS_026,23,4,2837,,,,,Pinus palustris,,sap,,b
246,20141124,OSBS_026,41,1,2776,,,,,Vaccinium arboreum,,sms,,c
247,20141124,OSBS_026,41,1,2775,,,,,Pinus palustris,,smt,,d
248,20141124,OSBS_026,41,1,2773,,,,,Pinus palustris,,sap,,e
249,20141124,OSBS_026,41,1,2774,,,,,Pinus palustris,,smt,,f
250,20141124,OSBS_026,41,4,2826,,,,,Pinus palustris,,smt,,g
251,20141124,OSBS_026,41,4,2824,,,,,Pinus palustris,,smt,,a
252,20141124,OSBS_026,41,4,2823,,,,,Pinus palustris,,smt,,b
253,20141124,OSBS_026,41,4,2725,,,,,Quercus laevis,,sms,,c
254,20141124,OSBS_026,39,3,2818,,,,,Quercus laevis,,sms,NTEF,d
255,20141124,OSBS_026,39,3,2769,,,,,Quercus laevis,,sms,NTEF,e
256,20141124,OSBS_026,39,3,2770,,,,,Asimina incana,cf. species,sms,,f
257,20141124,OSBS_026,39,3,2768,,,,,Pinus palustris,,sap,,g
258,20141124,OSBS_026,39,3,2817,,,,,Quercus laevis,,sms,,a
259,20141124,OSBS_026,39,1,2767,,,,,Quercus laevis,,sms,,b
260,20141124,OSBS_026,39,1,2816,,,,,Vaccinium arboreum,cf. species,sms,,c
261,20141124,OSBS_026,39,1,2815,,,,,Vaccinium arboreum,cf. species,sms,,d
262,20141124,OSBS_026,39,1,2809,,,,,Vaccinium arboreum,cf. species,sms,,e
263,20141124,OSBS_026,39,1,2811,,,,,Vaccinium arboreum,cf. species,sms,,f
264,20141124,OSBS_026,39,1,2814,,,,,Vaccinium arboreum,cf. species,sms,,g
265,20141124,OSBS_026,39,1,2766,,,,,Vaccinium arboreum,cf. species,sms,,a
266,20141124,OSBS_026,39,1,2813,,,,,Vaccinium arboreum,cf. species,sms,NTEF,b
267,20141124,OSBS_026,39,1,2810,,,,,Vaccinium arboreum,cf. species,sms,,c
268,20141124,OSBS_026,39,1,2765,,,,,Vaccinium arboreum,cf. species,sms,,d
269,20141124,OSBS_026,39,1,2764,,,,,Vaccinium arboreum,cf. species,sms,,e
270,20141124,OSBS_026,39,1,2812,,,,,Vaccinium arboreum,cf. species,sms,,f
271,20141124,OSBS_026,39,1,2763,,,,,Vaccinium arboreum,cf. species,sms,,g
272,20141124,OSBS_026,39,1,2755,,,,,Vaccinium arboreum,cf. species,sms,,a
273,20141124,OSBS_026,39,1,2757,,,,,Vaccinium arboreum,cf. species,sms,,b
274,20141124,OSBS_026,39,1,2761,,,,,Vaccinium arboreum,cf. species,sms,,c
275,20141124,OSBS_026,39,1,2756,,,,,Vaccinium arboreum,cf. species,sms,,d
276,20141124,OSBS_026,39,1,2758,,,,,Vaccinium arboreum,cf. species,sms,,e
277,20141124,OSBS_026,39,1,2760,,,,,Vaccinium arboreum,cf. species,sms,,f
278,20141124,OSBS_026,39,1,2759,,,,,Vaccinium arboreum,cf. species,sms,NTEF,g
279,20141124,OSBS_026,39,1,2762,,,,,Vaccinium arboreum,cf. species,sms,,a
280,20141124,OSBS_026,39,1,2754,,,,,Vaccinium arboreum,cf. species,sms,,b
281,20141124,OSBS_026,39,1,2808,,,,,Vaccinium arboreum,cf. species,sms,,c
282,20141124,OSBS_026,39,1,2804,,,,,Vaccinium arboreum,cf. species,sms,,d
283,20141124,OSBS_026,39,1,2803,,,,,Vaccinium arboreum,cf. species,sms,,e
284,20141124,OSBS_026,39,1,2806,,,,,Vaccinium arboreum,cf. species,sms,,f
285,20141124,OSBS_026,39,1,2807,,,,,Vaccinium arboreum,cf. species,sms,,g
286,20141124,OSBS_026,39,1,2805,,,,,Vaccinium arboreum,cf. species,sms,,a
287,20141124,OSBS_026,39,1,2801,,,,,Vaccinium arboreum,cf. species,sms,NTEF,b
288,20141124,OSBS_026,21,4,2771,,,,,Vaccinium arboreum,cf. species,sms,,c
289,20141124,OSBS_026,21,1,2772,,,,,Vaccinium arboreum,cf. species,sms,,d
290,20141124,OSBS_026,21,1,2802,,,,,Pinus palustris,,sap,,e
291,20141124,OSBS_026,21,1,2819,,,,,Quercus laevis,,sms,,f
292,20141124,OSBS_026,21,1,2820,,,,,Quercus laevis,,sms,,g
293,20141124,OSBS_026,21,1,2821,,,,,Quercus laevis,,sms,,a
294,20141124,OSBS_026,21,1,2822,,,,,Quercus laevis,,sap,NTEF,b
295,20141125,OSBS_027,41,4,2847,,43,352.7,13.6,Quercus geminata,cf. species,sbt,TE 1,c
296,20141125,OSBS_027,41,4,2848,,43,338.6,19,Pinus palustris,,sbt,,d
297,20141125,OSBS_027,41,4,2849,,43,339.6,20.2,Pinus palustris,,sbt,,e
298,20141125,OSBS_027,41,4,2846,,43,334.2,13.9,Pinus palustris,,sbt,,f
299,20141125,OSBS_027,41,4,2845,,43,319.5,15.1,Pinus palustris,,sbt,,g
300,20141125,OSBS_027,41,4,2852,,43,303.1,19.4,Pinus palustris,,sbt,,a
301,20141125,OSBS_027,41,4,2853,,43,301.3,22.3,Pinus palustris,,sbt,,b
302,20141125,OSBS_027,41,4,2850,,61,269.1,15.5,Quercus laevis,,sbt,,c
303,20141125,OSBS_027,39,4,2851,,43,302.5,27.4,Pinus palustris,,sbt,,d
304,20141125,OSBS_027,39,4,2864,,43,301.5,27.1,Pinus palustris,,sbt,,e
305,20141125,OSBS_027,39,4,2863,,43,295.3,26.1,Pinus palustris,,sbt,NTEF,f
510,20141210,OSBS_028,21,4,2519,,43,261.5,27.9,Pinus palustris,,sbt,,g
511,20141210,OSBS_028,21,4,2517,,43,263.2,20.2,Quercus laevis,,sbt,NTEF,a
512,20141210,OSBS_028,21,4,2518,,43,251,24.2,Pinus palustris,,sbt,,b
513,20141210,OSBS_028,21,1,2528,,43,246.9,40.3,Pinus palustris,,sbt,,c
514,20141210,OSBS_028,21,1,2527,,43,250,41.1,Pinus palustris,,sbt,,d
515,20141210,OSBS_028,21,2,2529,,43,228.3,25.2,Pinus palustris,,sbt,,e
516,20141210,OSBS_028,23,2,2534,,43,198.8,19.7,Quercus laevis,,sbt,,f
517,20141210,OSBS_028,23,4,2535,,43,213.8,9.4,Quercus laevis,,sbt,,g
518,20141210,OSBS_028,23,4,2536A,,43,214.9,5.7,Quercus laevis,,mbt,,a
519,20141210,OSBS_028,23,3,2532,,43,254,10.7,Quercus laevis,,sbt,,b
520,20141210,OSBS_028,23,3,2531,,43,264.2,10.3,Quercus laevis,,sbt,,c
521,20141210,OSBS_028,23,3,2533,,43,245.3,14.5,Quercus laevis,,sbt,NTEF,d
522,20141210,OSBS_028,23,3,2530,,43,261.1,16.6,Pinus palustris,,sms,,e
523,20141210,OSBS_028,41,1,2555,,,,,Quercus laevis,,sms,,f
524,20141210,OSBS_028,41,1,2572,,,,,Quercus laevis,,smt,,g
525,20141210,OSBS_028,41,1,2556,,,,,Quercus laevis,,smt,,a
526,20141210,OSBS_028,41,1,2557,,,,,Quercus laevis,,smt,,b
527,20141210,OSBS_028,41,1,2558,,,,,Quercus laevis,,sms,,c
528,20141210,OSBS_028,41,1,2573,,,,,Quercus laevis,,sms,,d
529,20141210,OSBS_028,41,4,2559,,,,,Quercus laevis,,sms,,e
530,20141210,OSBS_028,41,4,2563,,,,,Quercus laevis,,sms,NTEF,f
531,20141210,OSBS_028,41,4,2560,,,,,Quercus laevis,,sms,NTEF,g
532,20141210,OSBS_028,41,4,2561,,,,,Quercus laevis,,sms,,a
533,20141210,OSBS_028,41,4,2562,,,,,Quercus laevis,,sms,,b
534,20141210,OSBS_028,41,4,2564,,,,,Quercus laevis,,sap,,c
535,20141210,OSBS_028,41,4,2566,,,,,Quercus laevis,,sms,,d
536,20141210,OSBS_028,41,4,2553,,,,,Quercus laevis,,smt,,e
537,20141210,OSBS_028,41,4,2554,,,,,Quercus laevis,,sms,,f
538,20141210,OSBS_028,41,4,2565,,,,,Quercus laevis,,sms,,g
539,20141210,OSBS_028,41,4,2567,,,,,Quercus laevis,,sms,,a
540,20141210,OSBS_028,41,4,2568,,,,,Quercus laevis,,sms,,b
541,20141210,OSBS_028,41,4,2569,,,,,Quercus laevis,,sms,NTEF,c
542,20141210,OSBS_028,41,4,2574,,,,,Quercus laevis,,sms,,d
543,20141210,OSBS_028,41,4,2570,,,,,Quercus laevis,,sms,,e
544,20141210,OSBS_028,41,4,2571,,,,,Quercus laevis,,sms,,f
545,20141210,OSBS_028,21,4,2548,,,,,Pinus palustris,,sap,,g
546,20141210,OSBS_028,21,4,2550,,,,,Pinus palustris,,smt,,a
547,20141210,OSBS_028,21,4,2549,,,,,Pinus palustris,,smt,,b
548,20141210,OSBS_028,21,4,2546,,,,,Quercus laevis,,sms,,c
549,20141210,OSBS_028,21,4,2545,,,,,Quercus laevis,,smt,,d
550,20141210,OSBS_028,23,4,2547,,,,,Quercus laevis,,sms,TE 1,e
551,20141210,OSBS_028,23,4,2544,,,,,Quercus laevis,,sms,NTEF,f
552,20141210,OSBS_028,23,4,2552,,,,,Quercus laevis,,sms,,g
553,20141210,OSBS_028,23,4,2536B,,,,,Quercus laevis,,smt,,a
554,20141210,OSBS_028,23,2,2551,,,,,Quercus laevis,,smt,,b
555,20141210,OSBS_028,23,2,2542,,,,,Quercus laevis,,smt,,c
556,20141210,OSBS_028,23,2,2541,,,,,Quercus laevis,,sms,,d
557,20141210,OSBS_028,23,2,2540,,,,,Pinus palustris,,smt,,e
558,20141210,OSBS_028,23,2,2537,,,,,Pinus palustris,,smt,NTEF,f
559,20141210,OSBS_028,23,2,2539,,,,,Quercus laevis,,sms,,g
560,20141210,OSBS_028,23,2,2538,,,,,Quercus laevis,,sms,NTEF,a
561,20141118,OSBS_029,41,,2030,,41,91.4,15.5,Quercus laevis,,smt,NTEF,b
562,20141118,OSBS_029,41,,2029,,41,88.4,15.1,Quercus laevis,,smt,,c
563,20141118,OSBS_029,41,,2031,,41,86.1,13.1,Quercus laevis,,smt,,d
564,20141118,OSBS_029,41,,2035,,41,72.6,7.8,Quercus laevis,,smt,,e
565,20141118,OSBS_029,41,,2034,,41,67.5,9.3,Pinus palustris,,smt,,f
566,20141118,OSBS_029,41,,2100,,41,67.2,18,Quercus laevis,,sbt,,g
567,20141118,OSBS_029,41,,2101,,41,63.3,18.4,Quercus laevis,,sbt,,a
568,20141118,OSBS_029,41,,2109,,41,61.7,11.4,Quercus laevis,,sbt,,b
569,20141118,OSBS_029,41,,2102,,41,58.3,15,Quercus laevis,,sbt,,c
570,20141118,OSBS_029,41,,2106,,41,58.1,21.5,Quercus laevis,,sbt,,d
571,20141118,OSBS_029,41,,2103,,41,55.2,14.5,Quercus laevis,,sbt,NTEF,e
572,20141118,OSBS_029,41,,2032,,41,55.3,15.4,Quercus laevis,,smt,,f
573,20141118,OSBS_029,41,,2104,,41,51.1,14.6,Quercus laevis,,sbt,,g
574,20141118,OSBS_029,41,,2111,,41,49.8,9.4,Quercus laevis,,sbt,,a
575,20141118,OSBS_029,41,,2036,,41,41.9,6,Quercus laevis,,smt,,b
576,20141118,OSBS_029,41,,2037,,41,38.9,7.3,Quercus laevis,,smt,,c
577,20141118,OSBS_029,41,,2105,,41,46.3,51.6,Quercus laevis,,sbt,,d
578,20141118,OSBS_029,41,,2033,,41,44,21,Quercus laevis,,smt,,e
579,20141118,OSBS_029,41,,2108,,41,44.9,26.3,Quercus laevis,,sbt,,f
580,20141118,OSBS_029,41,,2107,,59,88.7,19.7,Quercus laevis,,sbt,NTEF,g
581,20141125,OSBS_027,39,4,2862,,43,292.9,29.2,Pinus palustris,,sbt,,a
582,20141125,OSBS_027,39,3,2861,,43,290.5,30.2,Quercus laevis,,sbt,,b
583,20141125,OSBS_027,39,3,2858,,43,284,34.7,Quercus laevis,,sbt,,c
584,20141125,OSBS_027,39,3,2859,,43,295,39.3,Pinus palustris,,sbt,,d
585,20141125,OSBS_027,39,3,2860,,43,297.3,40.8,Pinus palustris,,sbt,,e
586,20141125,OSBS_027,39,1,2857,,43,278.7,37.5,Quercus laevis,,sbt,,f
587,20141125,OSBS_027,39,1,2856,,43,277.4,39.3,Quercus laevis,,mbt,,g
588,20141125,OSBS_027,21,4,2865,,43,266,30.6,Quercus laevis,,sbt,,a
589,20141125,OSBS_027,21,4,2866,,43,262.5,29.8,Pinus palustris,,sbt,NTEF,b
590,20141125,OSBS_027,39,1,2856b,,43,277.4,39.3,Quercus laevis,,mbt,,c
591,20141125,OSBS_027,39,1,2856c,,43,277.4,39.3,Quercus laevis,,mbt,,d
592,20141125,OSBS_027,21,3,2867,,43,253.8,35.8,Pinus palustris,,sbt,NTEF,e
593,20141125,OSBS_027,21,1,2868,,43,251.5,35.2,Pinus palustris,,sbt,,f
594,20141125,OSBS_027,21,2,2869,,43,248,29,Pinus palustris,,sbt,,g
595,20141125,OSBS_027,21,2,2870,,43,246.3,27.2,Pinus palustris,,sbt,,a
596,20141125,OSBS_027,21,2,2871,,43,245.2,22.7,Pinus palustris,,sbt,,b
597,20141125,OSBS_027,21,2,2872,,43,243,28,Pinus palustris,,sbt,,c
598,20141125,OSBS_027,21,2,2873,,43,237.6,29.9,Pinus palustris,,sbt,,d
599,20141125,OSBS_027,23,1,2841,,43,223.7,25.5,Pinus palustris,,sbt,,e
600,20141125,OSBS_027,23,1,2840,,43,215.8,22,Pinus palustris,,sbt,,f
601,20141125,OSBS_027,23,2,2838,,43,213.6,14.1,Pinus palustris,,sbt,,g
602,20141125,OSBS_027,23,4,2842,,43,241.3,9.7,Quercus laevis,,sbt,,a
603,20141125,OSBS_027,41,2,2843,,43,305.9,4.8,Pinus palustris,,sbt,,b
604,20141125,OSBS_027,41,2,2844,,43,298.4,11.8,Pinus palustris,,sbt,,c
605,20141125,OSBS_027,23,2,2839,,25,286.6,10.8,Pinus palustris,,sbt,NTEF,d
606,20141125,OSBS_027,23,2,2921,,,,,Quercus laevis,,sms,,e
607,20141125,OSBS_027,23,2,2920,,,,,Quercus laevis,,sms,,f
608,20141125,OSBS_027,23,2,2919,,,,,Quercus laevis,,sms,,g
609,20141125,OSBS_027,23,2,2918,,,,,Quercus laevis,,sms,,a
610,20141125,OSBS_027,23,2,2917,,,,,Quercus laevis,,sms,,b
611,20141125,OSBS_027,23,2,2922,,,,,Quercus laevis,,sms,,c
612,20141125,OSBS_027,23,2,2927,,,,,Quercus laevis,,sms,,d
613,20141125,OSBS_027,23,2,2925,,,,,Quercus laevis,,sms,,e
614,20141125,OSBS_027,23,2,2924,,,,,Quercus laevis,,sms,,f
615,20141125,OSBS_027,23,2,2923,,,,,Quercus laevis,,sms,NTEF,g
616,20141125,OSBS_027,23,2,2914,,,,,Quercus laevis,,sms,,a
617,20141125,OSBS_027,23,4,2915,,,,,Quercus laevis,,sms,,b
618,20141125,OSBS_027,23,4,2913,,,,,Quercus laevis,,sms,,c
619,20141125,OSBS_027,23,4,2912,,,,,Quercus laevis,,sms,,d
620,20141125,OSBS_027,23,4,2902,,,,,Quercus laevis,,sms,,e
621,20141125,OSBS_027,23,4,2903,,,,,Quercus laevis,,sms,,f
622,20141125,OSBS_027,23,4,2904,,,,,Quercus laevis,,sms,,g
623,20141125,OSBS_027,23,4,2909,,,,,Quercus laevis,,sms,,a
624,20141125,OSBS_027,23,4,2910,,,,,Quercus laevis,,sms,,b
625,20141125,OSBS_027,23,4,2911,,,,,Quercus laevis,,sms,NTEF,c
626,20141125,OSBS_027,23,4,2907,,,,,Quercus laevis,,sms,,d
627,20141125,OSBS_027,23,4,2906,,,,,Quercus laevis,,sms,,e
628,20141125,OSBS_027,23,4,2905,,,,,Quercus laevis,,sms,,f
629,20141125,OSBS_027,23,2,2916,,,,,Quercus laevis,,sms,,g
630,20141125,OSBS_027,21,1,2791,,,,,Quercus laevis,,sms,,a
631,20141125,OSBS_027,21,1,2789,,,,,Quercus laevis,,sms,,b
632,20141125,OSBS_027,21,1,2790,,,,,Quercus laevis,,sms,,c
633,20141125,OSBS_027,21,1,2793,,,,,Quercus laevis,,sms,,d
634,20141125,OSBS_027,21,1,2792,,,,,Quercus laevis,,sms,,e
635,20141125,OSBS_027,21,1,2796,,,,,Quercus laevis,,sms,NTEF,f
636,20141125,OSBS_027,21,1,2795,,,,,Quercus laevis,,sms,,g
637,20141125,OSBS_027,21,1,2794,,,,,Quercus laevis,,sms,,a
638,20141125,OSBS_027,23,4,2908,,,,,Quercus laevis,,sms,NTEF,b
639,20141125,OSBS_027,21,1,2797,,,,,Quercus laevis,,sms,,c
640,20141125,OSBS_027,21,1,2884,,,,,Quercus laevis,,sms,NTEF,d
641,20141125,OSBS_027,21,1,2798,,,,,Quercus laevis,,sms,,e
642,20141125,OSBS_027,21,1,2885,,,,,Quercus laevis,,sms,,f
643,20141125,OSBS_027,21,1,2883,,,,,Quercus laevis,,sms,,g
644,20141125,OSBS_027,21,1,2882,,,,,Quercus laevis,,sms,,a
645,20141125,OSBS_027,21,1,2881,,,,,Quercus laevis,,sms,,b
646,20141125,OSBS_027,21,1,2886,,,,,Quercus laevis,,sms,,c
647,20141125,OSBS_027,21,1,2887,,,,,Quercus laevis,,sms,,d
648,20141125,OSBS_027,21,1,2880,,,,,Quercus laevis,,sms,,e
649,20141125,OSBS_027,21,4,2875,,,,,Vaccinium arboreum,cf. species,sms,,f
650,20141125,OSBS_027,21,4,2952,,,,,Vaccinium arboreum,cf. species,sms,NTEF,g
651,20141125,OSBS_027,21,4,2876,,,,,Vaccinium arboreum,cf. species,sms,,a
652,20141125,OSBS_027,21,4,2877,,,,,Vaccinium arboreum,cf. species,sms,,b
653,20141125,OSBS_027,21,4,2878,,,,,Vaccinium arboreum,cf. species,sms,,c
654,20141125,OSBS_027,21,4,2782,,,,,Quercus laevis,,sms,,d
655,20141125,OSBS_027,21,4,2788,,,,,Quercus laevis,,sms,,e
656,20141125,OSBS_027,21,4,2879,,,,,Quercus laevis,,sms,,f
657,20141125,OSBS_027,21,4,2784,,,,,Quercus laevis,,sms,,g
658,20141125,OSBS_027,21,4,2785,,,,,Quercus laevis,,sms,,a
659,20141125,OSBS_027,21,4,2783,,,,,Quercus laevis,,sms,,b
660,20141125,OSBS_027,21,4,2786,,,,,Quercus laevis,,sms,,c
661,20141125,OSBS_027,21,4,2787,,,,,Quercus laevis,,sms,NTEF,d
662,20141125,OSBS_027,39,1,2889,,,,,Pinus palustris,,sap,NTEF,e
663,20141125,OSBS_027,39,1,2888,,,,,Quercus laevis,,sms,,f
664,20141125,OSBS_027,39,1,2799,,,,,Quercus laevis,,sms,,g
665,20141125,OSBS_027,39,1,2800,,,,,Quercus laevis,,sms,,a
666,20141125,OSBS_027,39,1,2890,,,,,Quercus laevis,,sms,,b
667,20141125,OSBS_027,39,1,2893,,,,,Quercus laevis,,sms,,c
668,20141125,OSBS_027,39,1,2892,,,,,Quercus laevis,,sms,,d
669,20141125,OSBS_027,39,1,2891,,,,,Quercus laevis,,sms,,e
670,20141125,OSBS_027,39,1,2931,,,,,Quercus laevis,,smt,,f
671,20141125,OSBS_027,39,1,2894,,,,,Quercus laevis,,sms,,g
672,20141125,OSBS_027,39,1,2932,,,,,Quercus laevis,,sms,NTEF,a
673,20141125,OSBS_027,39,1,2898,,,,,Quercus laevis,,sms,,b
674,20141125,OSBS_027,39,3,2899,,,,,Quercus laevis,,sms,,c
675,20141125,OSBS_027,39,3,2897,,,,,Quercus laevis,,sms,,d
676,20141125,OSBS_027,39,3,2934,,,,,Quercus laevis,,sms,,e
677,20141125,OSBS_027,39,3,2896,,,,,Quercus laevis,,sms,,f
678,20141125,OSBS_027,39,3,2895,,,,,Quercus laevis,,sms,,g
679,20141125,OSBS_027,39,3,2900,,,,,Quercus laevis,,sms,,a
680,20141125,OSBS_027,39,3,2937,,,,,Quercus laevis,,sms,,b
681,20141125,OSBS_027,39,3,2935,,,,,Quercus laevis,,sms,,c
682,20141125,OSBS_027,39,3,2901,,,,,Quercus laevis,,sms,NTEF,d
683,20141125,OSBS_027,39,3,2936,,,,,Pinus palustris,,sap,,e
684,20141125,OSBS_027,39,3,2933,,,,,Pinus palustris,,smt,,f
685,20141125,OSBS_027,41,1,2928,,,,,Pinus palustris,,smt,NTEF,g
686,20141125,OSBS_027,41,1,2929,,,,,Pinus palustris,,smt,,a
687,20141125,OSBS_027,41,1,2930,,,,,Pinus palustris,,smt,,b
688,20141125,OSBS_027,41,1,2943,,,,,Quercus laevis,,sms,,c
689,20141125,OSBS_027,41,1,2944,,,,,Quercus laevis,,sms,,d
690,20141125,OSBS_027,41,1,2941,,,,,Quercus laevis,,sms,,e
691,20141125,OSBS_027,41,1,2940,,,,,Quercus laevis,,sms,,f
692,20141125,OSBS_027,41,1,2939,,,,,Quercus laevis,,sms,,g
693,20141125,OSBS_027,41,1,2938,,,,,Quercus laevis,,sms,,a
694,20141125,OSBS_027,41,1,2942,,,,,Asimina incana,cf. species,sms,,b
695,20141125,OSBS_027,41,4,2945,,,,,Quercus laevis,,sms,NTEF,c
696,20141125,OSBS_027,41,4,2946,,,,,Quercus laevis,,sms,,d
697,20141125,OSBS_027,41,4,2947,,,,,Quercus laevis,,sms,,e
698,20141125,OSBS_027,41,4,2948,,,,,Pinus palustris,,smt,,f
699,20141125,OSBS_027,41,4,2949,,,,,Pinus palustris,,smt,NTEF,g
700,20141210,OSBS_028,41,4,2509,,43,330.2,12.9,Pinus palustris,,sbt,NTEF,a
701,20141210,OSBS_028,41,3,2510,,43,319.4,22.8,Pinus palustris,,sbt,,b
702,20141210,OSBS_028,41,3,2511,,43,311.6,21.9,Pinus palustris,,sbt,,c
703,20141210,OSBS_028,39,3,2512,,43,291.6,40.5,Pinus palustris,,sbt,,d
704,20141210,OSBS_028,39,1,2515,,43,278.9,34.6,Pinus palustris,,sbt,,e
705,20141210,OSBS_028,39,1,2514,,43,279.6,36.5,Quercus laevis,,sbt,,f
706,20141210,OSBS_028,39,1,2513,,43,283.4,39.3,Quercus laevis,,sbt,,g
707,20141210,OSBS_028,39,2,2516,,43,272.1,25.1,Pinus palustris,,sbt,,a
708,20141210,OSBS_028,21,3,2521,,43,270.7,35.6,Pinus palustris,,sbt,,b
709,20141210,OSBS_028,21,3,2522,,43,267.1,38,Quercus laevis,,sbt,NTEF,c
710,20141210,OSBS_028,21,3,2523,,43,265.6,37.3,Quercus laevis,,sbt,,d
711,20141210,OSBS_028,21,3,2525,,43,265.3,38.4,Quercus laevis,,sbt,,e
712,20141210,OSBS_028,21,3,2524,,43,264.6,38.3,Quercus laevis,,sbt,,f
713,20141210,OSBS_028,21,3,2526,,43,259.3,35.3,Pinus palustris,,sbt,,g
714,20141210,OSBS_028,21,4,2520,,43,264.4,31.6,Pinus palustris,,sbt,,a
715,20141118,OSBS_029,41,,2110,,41,86.2,20.4,Quercus laevis,,sbt,NTEF,b
716,20141118,OSBS_029,41,,2114,,41,22.4,15.5,Quercus laevis,,sbt,,c
717,20141118,OSBS_029,41,,2112,,41,16.5,8.6,Quercus laevis,,sbt,,d
718,20141118,OSBS_029,41,,2113,,41,8.5,9,Pinus palustris,,sbt,,e
719,20141118,OSBS_029,41,,2076,,41,359.7,13.3,Pinus palustris,,smt,,f
720,20141118,OSBS_029,41,,2077,,41,355.3,13.5,Pinus palustris,,smt,,g
721,20141118,OSBS_029,41,,2117,,41,357.5,17.4,Quercus laevis,,sbt,,a
722,20141118,OSBS_029,41,,2120,,41,0.7,19.3,Pinus palustris,,sbt,,b
723,20141118,OSBS_029,39,,2040,,39,357.9,17.4,Pinus palustris,,smt,,c
724,20141118,OSBS_029,39,,2125,,39,358.5,16.8,Quercus laevis,,sbt,,d
725,20141118,OSBS_029,39,,2041,,39,0.7,16.7,Pinus palustris,,smt,NTEF,e
726,20141118,OSBS_029,39,,2042,,39,5.4,15.4,Pinus palustris,,smt,,f
727,20141118,OSBS_029,39,,2129,,39,4,14.8,Pinus palustris,,sbt,,g
728,20141118,OSBS_029,39,,2126,,39,4.6,17.2,Quercus laevis,,sbt,,a
729,20141118,OSBS_029,39,,2039,,39,13.4,18.7,Pinus palustris,,smt,,b
730,20141118,OSBS_029,39,,2127,,39,7.7,16.3,Quercus laevis,,sbt,,c
731,20141118,OSBS_029,39,,2121,,39,26.6,19.9,Quercus laevis,,sbt,,d
732,20141118,OSBS_029,39,,2044,,39,27.8,3.8,Quercus laevis,,smt,,e
733,20141118,OSBS_029,39,,2043,,39,29.9,12.2,Pinus palustris,,smt,,f
734,20141118,OSBS_029,39,,2131,,39,34.2,12.5,Pinus palustris,,sbt,,g
735,20141118,OSBS_029,39,,2138,,39,30.9,19.3,Pinus palustris,,smt,NTEF,a
736,20141118,OSBS_029,39,,2128,,39,37.1,17.5,Quercus laevis,,sbt,,b
737,20141118,OSBS_029,39,,2124,,39,46.3,18.6,Pinus palustris,,sbt,,c
738,20141118,OSBS_029,39,,2122,,39,49.6,17,Quercus laevis,,sbt,NTEF,d
739,20141118,OSBS_029,39,,2130,,39,52.7,14.6,Quercus laevis,,sbt,,e
740,20141118,OSBS_029,39,,2079,,39,59,19.2,Pinus palustris,,sap,,f
741,20141118,OSBS_029,39,,2132,,39,62.3,12.3,Quercus laevis,,sbt,,g
742,20141118,OSBS_029,39,,2078,,39,68,18,Pinus palustris,,sap,,a
743,20141118,OSBS_029,39,,2134,,39,69.3,15.1,Quercus laevis,,sbt,,b
744,20141118,OSBS_029,39,,2133,,39,70.7,11.7,Quercus laevis,,sbt,,c
745,20141118,OSBS_029,39,,2080,,39,71.8,17.9,Pinus palustris,,sap,NTEF,d
746,20141118,OSBS_029,39,,2138,,39,71.6,19.1,Quercus laevis,,sbt,,e
747,20141118,OSBS_029,39,,2137,,39,79.6,17.9,Quercus laevis,,sbt,,f
748,20141118,OSBS_029,39,,2046,,39,80.3,17.4,Quercus laevis,,smt,,g
749,20141118,OSBS_029,39,,2135,,39,85.4,12,Quercus laevis,,sbt,,a
750,20141118,OSBS_029,21,,2136,,21,33.4,23.2,Quercus laevis,,sbt,,b
751,20141118,OSBS_029,21,,2140,,21,19.8,20.2,Quercus laevis,,sbt,,c
752,20141118,OSBS_029,39,,2049,,39,101.6,2.1,Quercus laevis,,smt,,d
753,20141118,OSBS_029,39,,2050,,39,101.6,2.6,Quercus laevis,,smt,,e
754,20141118,OSBS_029,39,,2047,,39,117.2,3.2,Quercus laevis,,smt,,f
755,20141118,OSBS_029,39,,2088,,39,130.6,3.8,Quercus laevis,,sap,NTEF,g
756,20141118,OSBS_029,39,,2141,,39,156.1,4.3,Pinus palustris,,sbt,,a
757,20141118,OSBS_029,39,,2051,,39,122.3,5.3,Quercus laevis,,smt,,b
758,20141118,OSBS_029,39,,2053,,39,157.2,5.9,Quercus laevis,,smt,,c
759,20141118,OSBS_029,39,,2052A,,39,141.7,7.3,Quercus laevis,,mbt,,d
760,20141118,OSBS_029,39,,2052B,,39,136.4,7.2,Quercus laevis,,mbt,,e
761,20141118,OSBS_029,21,,2060,,23,349.1,12.5,Quercus laevis,,smt,NTEF,f
762,20141118,OSBS_029,21,,2063,,23,355.7,12.8,Quercus laevis,,smt,,g
763,20141118,OSBS_029,21,,2152,,23,319.2,2.1,Quercus laevis,,sbt,,a
764,20141118,OSBS_029,21,,2069,,23,275.9,2.1,Quercus laevis,,smt,,b
765,20141118,OSBS_029,23,,2167,,23,18.9,4.9,Quercus laevis,,sbt,,c
766,20141118,OSBS_029,23,,2154,,23,44.9,4.9,Quercus laevis,,sbt,,d
767,20141118,OSBS_029,23,,2156,,23,84.3,4.2,Quercus laevis,,sbt,,e
768,20141118,OSBS_029,23,,2070,,23,86.4,10.7,Quercus laevis,,smt,,f
769,20141118,OSBS_029,23,,2157,,23,82.1,10.1,Quercus laevis,,sbt,,g
770,20141118,OSBS_029,23,,2160,,23,54.5,8.3,Quercus laevis,,sbt,,a
771,20141118,OSBS_029,23,,2161,,23,2.9,9.6,Quercus laevis,,sbt,NTEF,b
772,20141118,OSBS_029,23,,2075,,41,155.6,10.4,Quercus laevis,,sap,,c
773,20141118,OSBS_029,23,,2163,,41,122.8,4,Pinus palustris,,sbt,,d
774,20141118,OSBS_029,23,,2164,,41,127.7,4.6,Quercus laevis,,sbt,,e
775,20141118,OSBS_029,23,,2166,,41,114.3,6.4,Quercus laevis,,sbt,,f
776,20141118,OSBS_029,23,,2165A,,41,124.1,7.8,Quercus laevis,,mbt,,g
777,20141118,OSBS_029,23,,2165B,,41,122.7,7.9,Quercus laevis,,mbt,,a
778,20141118,OSBS_029,23,,2072,,41,121,8.9,Quercus laevis,,smt,,b
779,20141118,OSBS_029,23,,2073,,41,108.9,14,Quercus laevis,,smt,,c
780,20141118,OSBS_029,23,,2159,,41,93.8,19.8,Quercus laevis,,sbt,,d
781,20141118,OSBS_029,21,,2147,,21,0.8,12.3,Quercus laevis,,sbt,NTEF,e
782,20141118,OSBS_029,21,,2142,,21,7.8,12.7,Quercus laevis,,sbt,,f
783,20141118,OSBS_029,21,,2054,,21,6.8,10.6,Quercus laevis,,smt,,g
784,20141118,OSBS_029,21,,2055,,41,243.9,12.4,Quercus laevis,,sbt,NTEF,a
785,20141118,OSBS_029,21,,2143,,21,39.6,14.3,Pinus palustris,,sbt,,b
786,20141118,OSBS_029,21,,2056,,23,323.5,13.5,Quercus laevis,,sbt,,c
787,20141118,OSBS_029,21,,2146,,21,41.1,11.5,Pinus palustris,,sbt,,d
788,20141118,OSBS_029,21,,2148,,21,47.5,5.6,Quercus laevis,,sbt,,e
789,20141118,OSBS_029,21,,2091,,21,38.7,5.7,Quercus laevis,,sap,,f
790,20141118,OSBS_029,21,,2089,,21,31.2,4.8,Quercus laevis,,smt,,g
791,20141118,OSBS_029,21,,2090,,21,29.6,5.5,Quercus laevis,,sbt,,a
792,20141118,OSBS_029,21,,2151,,21,72.8,9.9,Quercus laevis,,sbt,,b
793,20141118,OSBS_029,21,,2068,,21,68.8,13.1,Quercus laevis,,smt,,c
794,20141118,OSBS_029,21,,2067,,21,62.5,13.1,Pinus palustris,,smt,NTEF,d
795,20141118,OSBS_029,21,,2150,,21,61,13.9,Quercus laevis,,sbt,,e
796,20141118,OSBS_029,21,,2149,,21,55.1,14.5,Quercus laevis,,sbt,,f
797,20141118,OSBS_029,21,,2066,,21,55.5,16.7,Quercus laevis,,smt,,g
798,20141118,OSBS_029,21,,2057,,21,49.4,20.2,Quercus laevis,,smt,,a
799,20141118,OSBS_029,21,,2059,,21,55,19.3,Quercus laevis,,smt,,b
800,20141118,OSBS_029,21,,2064,,23,315.8,9.8,Quercus laevis,,smt,,c
801,20141118,OSBS_029,23,,2071,,25,280,5.4,Pinus palustris,,smt,,d
802,20141118,OSBS_029,23,,2158,,25,301.3,5.6,Quercus laevis,,sbt,,e
803,20141118,OSBS_029,23,,2087,,25,334.4,3.7,Pinus palustris,,sap,,f
804,20141118,OSBS_029,23,,2085,,23,156.7,9.1,Pinus palustris,,sap,NTEF,g
805,20141118,OSBS_029,41,,2092,,43,337.6,5.5,Quercus laevis,,sms,,a
806,20141118,OSBS_029,41,,2093,,43,356.5,13.4,Quercus laevis,,sms,,b
807,20141118,OSBS_029,41,,2094,,43,351.9,18,Quercus laevis,,sms,NTEF,c
808,20141118,OSBS_029,41,,2095,,43,350.7,18,Quercus laevis,,sms,,d
809,20141118,OSBS_029,41,,2096,,43,343.9,14.2,Quercus laevis,,sms,,e
810,20141118,OSBS_029,41,,2097,,43,345.7,20.7,Quercus laevis,,sms,,f
811,20141118,OSBS_029,41,,2098,,43,340.6,16.2,Quercus laevis,,sms,,g
812,20141118,OSBS_029,41,,2099,,43,335.8,17.4,Quercus laevis,,sms,,a
813,20141118,OSBS_029,41,,2168,,43,321.9,15.8,Quercus laevis,,sms,,b
814,20141118,OSBS_029,41,,2169,,43,323.8,22.2,Quercus laevis,,sms,,c
815,20141118,OSBS_029,41,,2170,,43,287,9.9,Quercus laevis,,sms,,d
816,20141118,OSBS_029,41,,2074,,43,285.1,11.4,Quercus laevis,,sms,,e
817,20141118,OSBS_029,41,,2172,,43,274.3,12.6,Quercus laevis,,sms,NTEF,f
818,20141118,OSBS_029,23,,2173,,43,255,3.3,Quercus laevis,,sms,,g
819,20141118,OSBS_029,23,,2174,,43,183.1,6,Quercus laevis,,sms,,a
820,20141118,OSBS_029,23,,2175,,43,230.2,17,Quercus laevis,,sms,,b
821,20141118,OSBS_029,23,,2176,,43,221.3,22.9,Quercus laevis,,sms,,c
822,20141118,OSBS_029,23,,2177,,21,77.6,19.9,Quercus laevis,,sms,,d
823,20141118,OSBS_029,21,,2178,,21,69.3,20.2,Quercus laevis,,sms,,e
824,20141118,OSBS_029,21,,2179,,21,56.4,20,Quercus laevis,,sms,,f
825,20141118,OSBS_029,21,,2180,,21,69.5,16.3,Quercus laevis,,sms,,g
826,20141118,OSBS_029,21,,2181,,21,58.9,14.7,Asimina incana,,sms,,a
827,20141118,OSBS_029,21,,2182,,21,15,8.2,Quercus laevis,,sms,NTEF,b
828,20141118,OSBS_029,21,,2183,,21,1.9,13.6,Quercus laevis,,sms,,c
829,20141118,OSBS_029,39,,2184,,21,17.9,20.4,Quercus laevis,,sms,,d
830,20141118,OSBS_029,39,,2185,,39,13.3,6.5,Quercus laevis,,sms,NTEF,e
831,20141118,OSBS_029,39,,2186,,39,20.4,8.7,Quercus laevis,,sms,,f
832,20141118,OSBS_029,39,,2187,,39,89,14.9,Quercus laevis,,sms,,g
833,20141118,OSBS_029,39,,2188,,39,73.6,14.2,Quercus laevis,,sms,NTEF,a
834,20141202,OSBS_030,39,2,3139,,59,185.5,12,Pinus palustris,,sbt,NTEF,b
835,20141202,OSBS_030,39,2,3138,,59,194.3,14.2,Pinus palustris,,sbt,,c
836,20141202,OSBS_030,39,2,3142,,59,200.3,14,Pinus palustris,,sbt,,d
837,20141202,OSBS_030,39,2,3140,,59,197,13.5,Pinus palustris,,sbt,,e
838,20141202,OSBS_030,39,4,3146,,59,196.2,10,Pinus palustris,,sbt,,f
839,20141202,OSBS_030,39,2,3143,,59,212.1,16.6,Pinus palustris,,sbt,,g
840,20141202,OSBS_030,39,2,3141,,59,208.6,17.7,Pinus palustris,,sbt,,a
841,20141202,OSBS_030,39,2,3147,,59,204.2,21,Pinus palustris,,sbt,,b
842,20141202,OSBS_030,39,2,3144,,59,214.5,19.9,Pinus palustris,,sbt,,c
843,20141202,OSBS_030,39,2,3145,,59,229.7,18.5,Pinus palustris,,sbt,,d
844,20141202,OSBS_030,39,2,3131,,59,221.4,25.8,Pinus palustris,,sbt,NTEF,e
845,20141202,OSBS_030,39,2,3151,,59,169.8,11,Pinus palustris,,sbt,,f
846,20141202,OSBS_030,41,1,3152,,59,175.7,4.9,Pinus palustris,,sbt,,g
847,20141202,OSBS_030,41,3,3153,,59,162.8,7.6,Pinus palustris,,sbt,,a
848,20141202,OSBS_030,41,3,3148A,,59,134.2,11.5,Quercus laevis,,mbt,,b
849,20141202,OSBS_030,41,3,3149,,59,116.1,8.4,Pinus palustris,,sbt,,c
850,20141202,OSBS_030,23,4,3115,,23,56,20.2,Pinus palustris,,sbt,NTEF,d
851,20141202,OSBS_030,23,4,3116,,23,56.7,18.9,Pinus palustris,,sbt,,e
852,20141202,OSBS_030,23,2,3117,,23,72.3,11.8,Pinus palustris,,sbt,,f
853,20141202,OSBS_030,23,1,3119,,23,7.8,9.1,Quercus laevis,,sbt,,g
854,20141202,OSBS_030,23,3,3155,,23,0,12,Pinus palustris,,sbt,,a
855,20141202,OSBS_030,21,2,3188,,23,355.6,5.6,Quercus laevis,,sbt,,b
856,20141202,OSBS_030,21,2,3120,,23,316.2,8.2,Pinus palustris,,sbt,,c
857,20141202,OSBS_030,21,4,3134,,23,342.5,12.8,Pinus palustris,,sbt,,d
858,20141202,OSBS_030,21,4,3135,,23,351.7,18.7,Pinus palustris,,sbt,,e
859,20141202,OSBS_030,21,4,3136,,23,345.3,18.9,Pinus palustris,,sbt,,f
860,20141202,OSBS_030,21,4,3137,,23,343.6,20.3,Pinus palustris,,sbt,NTEF,g
861,20141202,OSBS_030,21,2,3150,,23,317.2,6.5,Pinus palustris,,sbt,,a
862,20141202,OSBS_030,21,2,3122,,23,307,11.7,Pinus palustris,,sbt,,b
863,20141202,OSBS_030,21,1,3121,,23,304.6,11.6,Quercus laevis,,sbt,,c
864,20141202,OSBS_030,21,1,3123,,23,292.7,13.3,Pinus palustris,,sbt,,d
865,20141202,OSBS_030,21,1,3124,,23,281.9,14,Pinus palustris,,sbt,,e
866,20141202,OSBS_030,21,3,3133,,23,309.7,15,Pinus palustris,,sbt,,f
867,20141202,OSBS_030,21,3,3125,,23,302.1,16.1,Pinus palustris,,sbt,,g
868,20141202,OSBS_030,21,3,3126A,,23,298.1,17.9,Pinus palustris,,mbt,,a
869,20141202,OSBS_030,21,3,3127,,23,300.2,21.9,Quercus laevis,,sbt,,b
870,20141202,OSBS_030,21,3,3132,,23,311.1,19.4,Pinus palustris,,sbt,NTEF,c
871,20141202,OSBS_030,21,3,3128,,23,315.4,19.3,Pinus palustris,,sbt,,d
872,20141202,OSBS_030,21,3,3130,,23,323.8,23.2,Pinus palustris,,sbt,,e
873,20141202,OSBS_030,21,3,3129,,23,320.3,23.8,Pinus palustris,,sbt,,f
874,20141202,OSBS_030,21,2,3184,,,,,Pinus palustris,,sap,,g
875,20141202,OSBS_030,41,2,3156,,,,,Pinus palustris,,smt,,a
876,20141202,OSBS_030,41,4,3188,,,,,Pinus palustris,,smt,,b
877,20141202,OSBS_030,41,4,3189,,,,,Pinus palustris,,smt,,c
878,20141202,OSBS_030,41,3,3187,,,,,Pinus palustris,,smt,,d
879,20141202,OSBS_030,41,3,3171,,,,,Pinus palustris,,smt,,e
880,20141202,OSBS_030,41,3,3169,,,,,Pinus palustris,,smt,,f
881,20141202,OSBS_030,41,3,3168,,,,,Pinus palustris,,smt,,g
882,20141202,OSBS_030,41,3,3170,,,,,Pinus palustris,,smt,,a
883,20141202,OSBS_030,41,3,3172,,,,,Pinus palustris,,smt,NTEF,b
884,20141202,OSBS_030,41,3,3167,,,,,Pinus palustris,,smt,,c
885,20141202,OSBS_030,41,3,3166,,,,,Pinus palustris,,smt,,d
886,20141202,OSBS_030,41,3,3165,,,,,Pinus palustris,,smt,,e
887,20141202,OSBS_030,41,3,3164,,,,,Pinus palustris,,smt,,f
888,20141202,OSBS_030,41,3,3173,,,,,Pinus palustris,,smt,,g
889,20141202,OSBS_030,41,3,3174,,,,,Pinus palustris,,smt,,a
890,20141202,OSBS_030,41,1,3175,,,,,Pinus palustris,,smt,,b
891,20141202,OSBS_030,41,1,3185,,,,,Pinus palustris,,smt,,c
892,20141202,OSBS_030,41,1,3176,,,,,Pinus palustris,,smt,,d
893,20141202,OSBS_030,41,1,3177,,,,,Pinus palustris,,smt,NTEF,e
894,20141202,OSBS_030,41,1,3178,,,,,Pinus palustris,,smt,,f
895,20141202,OSBS_030,39,4,3154,,,,,Pinus palustris,,smt,,g
896,20141202,OSBS_030,39,4,3160,,,,,Pinus palustris,,smt,,a
897,20141202,OSBS_030,39,2,3157,,,,,Pinus palustris,,smt,,b
898,20141202,OSBS_030,39,2,3186,,,,,Pinus palustris,,sap,,c
899,20141202,OSBS_030,39,2,3162,,,,,Pinus palustris,,smt,,d
900,20141202,OSBS_030,39,2,3163,,,,,Pinus palustris,,smt,,e
901,20141202,OSBS_030,39,2,3161,,,,,Pinus palustris,,smt,,f
902,20141202,OSBS_030,39,1,3159,,,,,Pinus palustris,,smt,,g
903,20141202,OSBS_030,39,1,3179,,,,,Pinus palustris,,smt,NTEF,a
904,20141202,OSBS_030,39,1,3180,,,,,Pinus palustris,,smt,,b
905,20141202,OSBS_030,39,3,3158,,,,,Pinus palustris,,smt,,c
906,20141202,OSBS_030,39,3,3181,,,,,Pinus palustris,,smt,,d
907,20141202,OSBS_030,39,3,3182,,,,,Pinus palustris,,smt,,e
908,20141202,OSBS_030,39,3,3183,,,,,Pinus palustris,,smt,NTEF,f
909,20141204,OSBS_031,21,3,3369,,39,104.4,4.8,Pinus palustris,,sbt,NTEF,g
910,20141204,OSBS_031,21,3,3370,,39,115.8,8.5,Pinus palustris,,sbt,,a
911,20141204,OSBS_031,21,3,3371,,39,124.7,7.6,Pinus palustris,,sbt,,b
912,20141204,OSBS_031,21,3,3372,,39,128.3,7.7,Pinus palustris,,sbt,,c
913,20141204,OSBS_031,21,3,3402,,39,139.3,8.1,Quercus laevis,,sbt,,d
914,20141204,OSBS_031,21,3,3401,,39,161.2,5.9,Quercus laevis,,sbt,,e
915,20141204,OSBS_031,21,3,3403,,39,147,9.7,Pinus palustris,,sbt,,f
916,20141204,OSBS_031,21,3,3373,,39,133.8,11.5,Quercus laevis,,sbt,,g
917,20141204,OSBS_031,21,3,3472,,39,135.6,12.7,Quercus laevis,,sbt,,a
918,20141204,OSBS_031,21,3,3404,,39,157,12.3,Pinus palustris,,sbt,,b
919,20141204,OSBS_031,21,1,3405,,39,153.5,16.4,Quercus laevis,,sbt,NTEF,c
920,20141204,OSBS_031,21,1,3406,,39,136,16.4,Pinus palustris,,sbt,,d
921,20141204,OSBS_031,21,2,3408,,39,126,22.8,Pinus palustris,,sbt,,e
922,20141204,OSBS_031,21,2,3409,,39,119.4,23,Pinus palustris,,sbt,,f
923,20141204,OSBS_031,21,2,3410,,39,118.2,20.6,Pinus palustris,,sbt,,g
924,20141204,OSBS_031,21,4,3412,,39,112.5,20,Pinus palustris,,sbt,,a
925,20141204,OSBS_031,21,4,3411,,39,113.2,17.9,Pinus palustris,,sbt,,b
926,20141204,OSBS_031,21,4,3375,,39,99.2,17.2,Quercus laevis,,sbt,,c
927,20141204,OSBS_031,21,4,3376,,39,96.9,16.4,Quercus laevis,,sbt,,d
928,20141204,OSBS_031,21,4,3413,,39,92.3,17.7,Pinus palustris,,sbt,,e
929,20141204,OSBS_031,39,2,3473,,39,77.2,19,Quercus laevis,,sbt,NTEF,f
930,20141204,OSBS_031,39,1,3392,,39,50.7,10.1,Quercus laevis,,sbt,,g
931,20141204,OSBS_031,39,1,3429,,39,33.3,9.4,Pinus palustris,,sbt,,a
932,20141204,OSBS_031,39,1,3393,,39,40,6.1,Quercus laevis,,sbt,,b
933,20141204,OSBS_031,39,1,3430,,39,7.1,7.2,Pinus palustris,,sbt,,c
934,20141204,OSBS_031,39,3,3400,,39,1.7,17.8,Quercus laevis,,sbt,,d
935,20141204,OSBS_031,39,3,3399,,39,11,16.2,Quercus laevis,,sbt,,e
936,20141204,OSBS_031,39,3,3398,,39,16,16.7,Quercus laevis,,sbt,,f
937,20141204,OSBS_031,39,3,3391,,39,12.9,19.9,Quercus laevis,,sbt,,g
938,20141204,OSBS_031,39,4,3390,,39,48,25.2,Pinus palustris,,sbt,,a
939,20141204,OSBS_031,41,3,3396,,39,51.7,28.8,Pinus palustris,,sbt,NTEF,b
940,20141204,OSBS_031,41,3,3397,,39,59.8,24.3,Quercus laevis,,sbt,,c
941,20141204,OSBS_031,41,1,3388A,,39,76.8,25.2,Quercus laevis,,sbt,,d
942,20141204,OSBS_031,41,1,3389,,39,76.2,28.2,Quercus laevis,,sbt,,e
943,20141204,OSBS_031,41,1,3387,,43,293,11.1,Quercus laevis,,sbt,,f
944,20141204,OSBS_031,41,2,3428,,43,296.6,6.4,Quercus laevis,,sbt,,g
945,20141204,OSBS_031,41,4,3394,,43,328,13.5,Pinus palustris,,sbt,,a
946,20141204,OSBS_031,41,4,3395,,43,345.9,15.8,Pinus palustris,,sbt,,b
947,20141204,OSBS_031,23,4,3385A,,43,250.5,5.9,Quercus laevis,,mbt,,c
948,20141204,OSBS_031,23,4,3385B,,43,250.5,5.9,Quercus laevis,,mbt,,d
949,20141204,OSBS_031,23,4,3386,,43,198.1,2,Pinus palustris,,sbt,,e
950,20141204,OSBS_031,23,4,3427,,43,187.1,5.2,Quercus laevis,,sbt,,f
951,20141204,OSBS_031,23,4,3378,,43,243.6,9.9,Pinus palustris,,sbt,,g
952,20141204,OSBS_031,23,3,3420,,43,244.4,11.1,Pinus palustris,,sbt,,a
953,20141204,OSBS_031,23,2,3384,,43,216.4,13.6,Quercus laevis,,sbt,,b
954,20141204,OSBS_031,23,2,3433,,43,209.7,14.4,Quercus laevis,,sbt,,c
955,20141204,OSBS_031,23,2,3423,,43,208.8,15.4,Quercus laevis,,sbt,,d
956,20141204,OSBS_031,23,2,3426,,43,195.9,13.9,Pinus palustris,,sbt,,e
957,20141204,OSBS_031,23,2,3424,,43,212.6,18.1,Pinus palustris,,sbt,,f
958,20141204,OSBS_031,23,1,3422,,43,214.6,24.1,Quercus laevis,,sbt,,g
959,20141204,OSBS_031,23,1,3383,,43,223.6,27,Pinus palustris,,sbt,NTEF,a
960,20141204,OSBS_031,23,1,3382,,43,231.2,24.4,Quercus laevis,,sbt,,b
961,20141204,OSBS_031,23,1,3425,,43,226.4,19,Quercus laevis,,sbt,,c
962,20141204,OSBS_031,23,1,3421,,43,230.3,18.6,Quercus laevis,,sbt,,d
963,20141204,OSBS_031,23,1,3381,,43,237.1,20.3,Pinus palustris,,sbt,,e
964,20141204,OSBS_031,23,1,3380,,43,240.1,20.8,Pinus palustris,,sbt,,f
965,20141204,OSBS_031,23,1,3419,,43,241.2,14.2,Quercus laevis,,sbt,NTEF,g
966,20141204,OSBS_031,23,1,3418,,41,149.2,8.8,Pinus palustris,,sbt,,a
967,20141204,OSBS_031,23,1,3416,,41,147.4,6.9,Pinus palustris,,sbt,,b
968,20141204,OSBS_031,23,1,3377,,41,158,2.9,Quercus laevis,,sbt,,c
969,20141204,OSBS_031,23,1,3417,,41,157.2,8.2,Pinus palustris,,sbt,,d
970,20141204,OSBS_031,23,1,3379,,41,169.5,8.5,Pinus palustris,,sbt,,e
971,20141204,OSBS_031,23,1,3415,,41,104.1,2.2,Pinus palustris,,sbt,,f
972,20141204,OSBS_031,23,1,3414,,41,128.5,1.7,Pinus palustris,,sbt,NTEF,g
973,20141204,OSBS_031,23,4,3455,,,,,Quercus laevis,,smt,,a
974,20141204,OSBS_031,23,4,3385B,,,,,Quercus laevis,,smt,,b
975,20141204,OSBS_031,23,4,3449,,,,,Quercus laevis,,sap,,c
976,20141204,OSBS_031,23,4,3450,,,,,Pinus palustris,,sap,,d
977,20141204,OSBS_031,23,4,3451,,,,,Pinus palustris,,smt,,e
978,20141204,OSBS_031,23,4,3456,,,,,Quercus laevis,,sap,,f
979,20141204,OSBS_031,23,4,3452,,,,,Pinus palustris,,smt,,g
980,20141204,OSBS_031,23,4,3458,,,,,Pinus palustris,,smt,,a
981,20141204,OSBS_031,23,4,3457A,,,,,Quercus laevis,,smt,,b
982,20141204,OSBS_031,23,4,3457B,,,,,Quercus laevis,,smt,NTEF,c
983,20141204,OSBS_031,23,2,3460,,,,,Vaccinium arboreum,cf. species,sis,,d
984,20141204,OSBS_031,23,2,3469,,,,,Vaccinium arboreum,cf. species,sis,,e
985,20141204,OSBS_031,23,2,3470,,,,,Vaccinium arboreum,cf. species,sms,NTEF,f
986,20141204,OSBS_031,23,2,3459,,,,,Vaccinium arboreum,cf. species,sls,,g
987,20141204,OSBS_031,23,2,3454,,,,,Vaccinium arboreum,cf. species,sms,,a
988,20141204,OSBS_031,23,2,3469,,,,,Vaccinium arboreum,cf. species,sms,,b
989,20141204,OSBS_031,23,2,3453,,,,,Quercus laevis,,smt,,c
990,20141204,OSBS_031,23,2,3471,,,,,Quercus laevis,,smt,,d
991,20141204,OSBS_031,41,1,3461,,,,,Quercus laevis,,smt,,e
992,20141204,OSBS_031,41,1,3462,,,,,Quercus laevis,,smt,,f
993,20141204,OSBS_031,41,1,3463,,,,,Pinus palustris,,smt,,g
994,20141204,OSBS_031,41,1,3464,,,,,Quercus laevis,,smt,,a
995,20141204,OSBS_031,41,1,3465,,,,,Pinus palustris,,sap,NTEF,b
996,20141204,OSBS_031,41,1,3466,,,,,Quercus laevis,,smt,,c
997,20141204,OSBS_031,41,1,3467,,,,,Quercus laevis,,smt,,d
998,20141204,OSBS_031,41,1,3445,,,,,Quercus laevis,,sms,,e
999,20141204,OSBS_031,41,1,3442,,,,,Quercus laevis,,sms,,f
1000,20141204,OSBS_031,41,1,3441,,,,,Quercus laevis,,sms,,g
1001,20141204,OSBS_031,41,1,3439,,,,,Quercus laevis,,smt,,a
1002,20141204,OSBS_031,41,1,3440,,,,,Quercus laevis,,sms,,b
1003,20141204,OSBS_031,41,1,3447,,,,,Quercus laevis,,sms,,c
1004,20141204,OSBS_031,41,1,3438,,,,,Quercus laevis,,smt,,d
1005,20141204,OSBS_031,41,1,3437,,,,,Quercus laevis,,smt,NTEF,e
1006,20141204,OSBS_031,41,1,3388B,,,,,Quercus laevis,,sbt,,f
1007,20141204,OSBS_031,41,4,3431,,,,,Quercus laevis,,sms,,g
1008,20141204,OSBS_031,41,4,3432,,,,,Quercus laevis,,sap,,a
1009,20141204,OSBS_031,41,4,3434,,,,,Quercus laevis,,smt,,b
1010,20141204,OSBS_031,41,4,3446,,,,,Quercus laevis,,sms,,c
1011,20141204,OSBS_031,41,4,3435,,,,,Quercus laevis,,smt,,d
1012,20141204,OSBS_031,41,4,3436,,,,,Quercus laevis,,smt,,e
1013,20141204,OSBS_031,41,4,3443,,,,,Quercus laevis,,sap,,f
1014,20141204,OSBS_031,41,4,3444,,,,,Quercus laevis,,sms,,g
1015,20141204,OSBS_031,41,4,3445,,,,,Quercus laevis,,sms,,a
1016,20141205,OSBS_032,39,3,3475,,57,106.4,3.9,Pinus palustris,,sbt,NTEF,b
1017,20141205,OSBS_032,39,3,6016,,57,175.7,1.1,Pinus palustris,,sbt,Blue tag 6016 - 3474,c
1018,20141205,OSBS_032,39,3,3476,,57,115.4,9.1,Quercus laevis,,sbt,,d
1019,20141205,OSBS_032,39,3,3477,,57,136.5,7.5,Quercus laevis,,sbt,,e
1020,20141205,OSBS_032,39,3,3478,,57,148,8.2,Quercus laevis,,sbt,,f
1021,20141205,OSBS_032,39,1,3479,,57,168.6,14.8,Quercus laevis,,sbt,,g
1022,20141205,OSBS_032,39,1,3480,,39,43.8,2.6,Pinus palustris,,sbt,,a
1023,20141205,OSBS_032,39,1,3522,,57,179.3,15.8,Quercus laevis,,sbt,,b
1024,20141205,OSBS_032,39,2,3482,,57,131.1,16.2,Quercus laevis,,sbt,,c
1025,20141205,OSBS_032,39,4,3483A,,57,120.9,11.8,Quercus laevis,,mbt,,d
1026,20141205,OSBS_032,39,4,3483B,,57,119.9,11.8,Quercus laevis,,mbt,NTEF,e
1027,20141205,OSBS_032,39,4,3485,,57,112.1,11.3,Quercus laevis,,sbt,,f
1028,20141205,OSBS_032,39,4,3484,,57,112.3,12.4,Quercus laevis,,sbt,,g
1029,20141205,OSBS_032,39,4,3501,,57,95.7,10.3,Pinus palustris,,sbt,,a
1030,20141205,OSBS_032,39,4,3502,,57,130.8,25,Quercus laevis,,sbt,,b
1031,20141205,OSBS_032,21,4,3521,,23,356,19.5,Quercus laevis,,sbt,,c
1032,20141205,OSBS_032,21,4,3513,,23,348.8,19,Quercus laevis,,sbt,,d
1033,20141205,OSBS_032,21,4,3511,,23,332.4,21.2,Quercus laevis,,sbt,,e
1034,20141205,OSBS_032,21,4,3510,,23,321.7,15,Quercus laevis,,sbt,,f
1035,20141205,OSBS_032,21,2,3515,,23,295.2,10.3,Quercus laevis,,sbt,,g
1036,20141205,OSBS_032,21,2,3500,,23,289.4,4.5,Pinus palustris,,sbt,NTEF,a
1037,20141205,OSBS_032,21,1,3508,,23,271.3,11.1,Quercus laevis,,sbt,,b
1038,20141205,OSBS_032,21,1,3509,,23,282.2,11.7,Quercus laevis,,sbt,,c
1039,20141205,OSBS_032,21,1,3514,,23,74.8,19.1,Quercus laevis,,sbt,,d
1040,20141205,OSBS_032,21,1,6013,,23,294,18,Quercus laevis,,sbt,Blue tag 6013 - 3518,e
1041,20141205,OSBS_032,21,3,3519,,23,309.4,22,Quercus laevis,,sbt,,f
1042,20141205,OSBS_032,21,3,3520,,23,311.7,21.6,Quercus laevis,,sbt,,g
1043,20141205,OSBS_032,21,3,3518,,23,310.5,27.5,Quercus laevis,,sbt,,a
1044,20141205,OSBS_032,21,3,3517,,23,313,27.2,Pinus palustris,,sbt,,b
1045,20141205,OSBS_032,21,3,3481,,23,313.6,28.8,Quercus laevis,,sbt,,c
1046,20141205,OSBS_032,21,3,3591,,23,319.2,25.4,Pinus palustris,,sbt,NTEF,d
1047,20141205,OSBS_032,21,3,3592,,23,327.5,22.1,Quercus laevis,,sbt,,e
1048,20141205,OSBS_032,23,3,3490,,23,3.9,17.5,Pinus palustris,,sbt,,f
1049,20141205,OSBS_032,23,3,3493,,23,21.7,16.2,Pinus palustris,,sbt,,g
1050,20141205,OSBS_032,23,1,3491,,23,17.2,8.5,Pinus palustris,,sbt,,a
1051,20141205,OSBS_032,23,1,3492,,23,12.8,6.2,Pinus palustris,,sbt,,b
1052,20141205,OSBS_032,23,1,3507,,23,74.3,6.1,Pinus palustris,,sbt,,c
1053,20141205,OSBS_032,23,2,3498,,23,58.2,13.6,Pinus palustris,,sbt,,d
1054,20141205,OSBS_032,23,2,3499,,23,90.8,14.1,Pinus palustris,,sbt,,e
1055,20141205,OSBS_032,23,4,3496,,23,58.5,21.9,Quercus laevis,,sbt,NTEF,f
1056,20141205,OSBS_032,23,4,3495,,23,51.5,23.9,Quercus laevis,,sbt,TE 1,g
1057,20141205,OSBS_032,23,4,3494,,23,44.6,25.3,Quercus laevis,,sbt,NTEF,a
1058,20141205,OSBS_032,23,4,3497,,23,43.9,20,Quercus laevis,,sbt,,b
1059,20141205,OSBS_032,41,1,3505,,23,8.4,19.9,Pinus palustris,,sbt,,c
1060,20141205,OSBS_032,41,1,3504,,23,6.5,24,Pinus palustris,,sbt,,d
1061,20141205,OSBS_032,41,1,3503,,23,358.4,23.7,Quercus laevis,,sbt,,e
1062,20141205,OSBS_032,41,1,3486,,23,359.1,32.4,Pinus palustris,,sbt,NTEF,f
1063,20141205,OSBS_032,41,3,3487,,23,10.7,39.2,Pinus palustris,,sbt,,g
1064,20141205,OSBS_032,41,3,3488,,43,327.6,21.7,Pinus palustris,,sbt,,a
1065,20141205,OSBS_032,41,3,3489,,43,315.9,17.9,Pinus palustris,,sbt,,b
1066,20141205,OSBS_032,41,2,3506,,23,27.1,27.4,Pinus palustris,,sbt,NTEF,c
1067,20141205,OSBS_032,39,1,3552,,,,,Pinus palustris,,smt,,d
1068,20141205,OSBS_032,39,1,3550,,,,,Pinus palustris,,sap,,e
1069,20141205,OSBS_032,39,1,3551,,,,,Quercus laevis,,smt,,f
1070,20141205,OSBS_032,39,1,3545,,,,,Quercus laevis,,smt,NTEF,g
1071,20141205,OSBS_032,39,1,3548,,,,,Quercus laevis,,smt,,a
1072,20141205,OSBS_032,39,1,3544,,,,,Quercus laevis,,smt,NTEF,b
1073,20141205,OSBS_032,39,3,3543,,,,,Quercus laevis,,smt,,c
1074,20141205,OSBS_032,39,3,3548,,,,,Pinus palustris,,sap,,d
1075,20141205,OSBS_032,39,3,3549,,,,,Pinus palustris,,sap,,e
1076,20141205,OSBS_032,39,3,3547,,,,,Pinus palustris,,sap,,f
1077,20141205,OSBS_032,39,3,3540,,,,,Quercus laevis,,smt,,g
1078,20141205,OSBS_032,39,3,3541,,,,,Pinus palustris,,smt,,a
1079,20141205,OSBS_032,39,3,3542,,,,,Quercus laevis,,smt,,b
1080,20141205,OSBS_032,39,4,3590,,,,,Pinus palustris,,sap,,c
1081,20141205,OSBS_032,39,4,3589,,,,,Pinus palustris,,sap,,d
1082,20141205,OSBS_032,39,4,3593,,,,,Quercus laevis,,smt,NTEF,e
1083,20141205,OSBS_032,39,4,3553,,,,,Pinus palustris,,smt,,f
1084,20141205,OSBS_032,39,2,3554,,,,,Pinus palustris,,sap,,g
1085,20141205,OSBS_032,39,2,3556,,,,,Pinus palustris,,sap,,a
1086,20141205,OSBS_032,39,2,3557,,,,,Pinus palustris,,sap,,b
1087,20141205,OSBS_032,39,2,3558,,,,,Pinus palustris,,sap,,c
1088,20141205,OSBS_032,39,2,3561,,,,,Pinus palustris,,sap,,d
1089,20141205,OSBS_032,39,2,3562,,,,,Pinus palustris,,smt,,e
1090,20141205,OSBS_032,39,2,3578,,,,,Pinus palustris,,sap,,f
1091,20141205,OSBS_032,39,2,3563,,,,,Pinus palustris,,sap,,g
1093,20141205,OSBS_032,21,2,3565,,,,,Quercus laevis,,sms,NTEF,a
1094,20141205,OSBS_032,21,2,3568,,,,,Quercus laevis,,sms,,b
1095,20141205,OSBS_032,21,2,3573,,,,,Quercus laevis,,sms,,c
1096,20141205,OSBS_032,21,2,3567,,,,,Quercus laevis,,sms,,d
1097,20141205,OSBS_032,21,1,3564,,,,,Quercus laevis,,sms,,e
1098,20141205,OSBS_032,21,1,3539,,,,,Quercus laevis,,sms,,f
1099,20141205,OSBS_032,21,1,3538,,,,,Quercus laevis,,sms,,g
1100,20141205,OSBS_032,21,1,3537,,,,,Pinus palustris,,sap,,a
1101,20141205,OSBS_032,21,1,3535,,,,,Pinus palustris,,sap,,b
1102,20141205,OSBS_032,21,1,3536,,,,,Pinus palustris,,sap,NTEF,c
1103,20141205,OSBS_032,21,1,3594,,,,,Pinus palustris,,sap,NTEF,d
1104,20141205,OSBS_032,21,1,3532,,,,,Pinus palustris,,sap,,e
1105,20141205,OSBS_032,21,1,3534,,,,,Pinus palustris,,smt,,f
1106,20141205,OSBS_032,21,1,3533,,,,,Quercus laevis,,smt,,g
1107,20141205,OSBS_032,21,3,3531,,,,,Quercus laevis,,sms,,a
1108,20141205,OSBS_032,21,3,3530,,,,,Pinus palustris,,sap,,b
1109,20141205,OSBS_032,21,3,3529,,,,,Pinus palustris,,sap,,c
1110,20141205,OSBS_032,21,3,3523,,,,,Pinus palustris,,sap,,d
1111,20141205,OSBS_032,21,3,3528,,,,,Pinus palustris,,sap,,e
1112,20141205,OSBS_032,21,3,3525,,,,,Quercus laevis,,smt,,f
1113,20141205,OSBS_032,21,3,3526,,,,,Pinus palustris,,smt,,g
1114,20141205,OSBS_032,21,3,3524,,,,,Pinus palustris,,smt,,a
1115,20141205,OSBS_032,21,3,3527,,,,,Pinus palustris,,smt,NTEF,b
1116,20141209,OSBS_033,41,4,3703,,61,177.3,6.2,Pinus palustris,,sbt,NTEF,c
1117,20141209,OSBS_033,41,2,6050,,61,183.4,16.1,Pinus palustris,,sbt,Blue tag 6050 - 3704,d
1118,20141209,OSBS_033,41,2,3705,,61,196.8,18.7,Quercus laevis,,sbt,,e
1119,20141209,OSBS_033,41,2,3706,,61,200.9,18.2,Quercus laevis,,sbt,,f
1120,20141209,OSBS_033,41,4,3701,,61,250.7,3.6,Quercus geminata,cf. species,sbt,,g
1121,20141209,OSBS_033,41,4,3702,,61,258.1,7.8,Pinus palustris,,sbt,,a
1122,20141209,OSBS_033,41,3,3726,,61,250.8,11.4,Pinus palustris,,sbt,,b
1123,20141209,OSBS_033,41,3,3725,,61,263.6,15.3,Pinus palustris,,sbt,,c
1124,20141209,OSBS_033,41,3,3724,,61,260.5,18.2,Pinus palustris,,sbt,,d
1125,20141209,OSBS_033,41,3,3723,,61,254.3,18.4,Pinus palustris,,sbt,,e
1126,20141209,OSBS_033,41,3,3722,,61,250,17.6,Pinus palustris,,sbt,NTEF,f
1127,20141209,OSBS_033,41,1,3721,,61,239.4,21.4,Pinus palustris,,sbt,,g
1128,20141209,OSBS_033,41,1,3720,,61,232.8,21.1,Pinus palustris,,sbt,,a
1129,20141209,OSBS_033,41,1,3710,,61,227.6,22.1,Pinus palustris,,sbt,,b
1130,20141209,OSBS_033,41,1,3709,,61,221.7,25.2,Pinus palustris,,sbt,,c
1131,20141209,OSBS_033,41,1,3708,,61,219.4,24.4,Pinus palustris,,sbt,,d
1132,20141209,OSBS_033,39,1,3740,,61,247.2,33.9,Quercus laevis,,sbt,,e
1133,20141209,OSBS_033,39,3,3737,,61,261.9,27.3,Pinus palustris,,sbt,,f
1134,20141209,OSBS_033,39,3,3739,,61,264.8,34.4,Pinus palustris,,sbt,,g
1135,20141209,OSBS_033,39,3,3738,,61,267.8,36.6,Pinus palustris,,sbt,,a
1136,20141209,OSBS_033,39,1,3741,,61,247.1,38.8,Pinus palustris,,sbt,NTEF,b
1137,20141209,OSBS_033,23,1,3751,,23,73.5,9.7,Pinus palustris,,sbt,,c
1138,20141209,OSBS_033,21,4,3747,,23,341.5,9.4,Pinus palustris,,sbt,,d
1139,20141209,OSBS_033,21,4,3746,,23,350.7,10.4,Quercus laevis,,sbt,,e
1140,20141209,OSBS_033,21,4,3745,,23,346.4,20.3,Quercus laevis,,sbt,,f
1141,20141209,OSBS_033,21,4,3753,,23,326.6,14.3,Quercus geminata,,sbt,,g
1142,20141209,OSBS_033,21,4,3754,,23,321.7,13.6,Quercus geminata,,sbt,,a
1143,20141209,OSBS_033,21,4,3755,,23,322.5,12.6,Quercus geminata,,sbt,,b
1144,20141209,OSBS_033,21,4,3744,,23,328.2,18.9,Pinus palustris,,sbt,,c
1145,20141209,OSBS_033,21,3,3743,,23,323.8,20.9,Pinus palustris,,sbt,,d
1146,20141209,OSBS_033,21,3,3742,,23,317.3,25.9,Quercus laevis,,sbt,NTEF,e
1147,20141209,OSBS_033,21,3,3752,,23,302.5,20.4,Pinus palustris,,sbt,,f
1148,20141209,OSBS_033,21,1,3750,,23,282.4,16,Pinus palustris,,sbt,,g
1149,20141209,OSBS_033,21,1,3749,,23,270.2,16.9,Pinus palustris,,sbt,,a
1150,20141209,OSBS_033,41,1,3707,,61,208.4,22.7,Quercus laevis,,sbt,,b
1151,20141209,OSBS_033,23,4,3716,,61,183.1,26.5,Pinus palustris,,sbt,,c
1152,20141209,OSBS_033,23,4,3718,,61,183.1,29.9,Pinus palustris,,sbt,,d
1153,20141209,OSBS_033,23,4,6052,,61,179.4,33.3,Pinus palustris,,sbt,Blue tag 6052 - 3717,e
1154,20141209,OSBS_033,23,4,6053,,61,182,34.4,Quercus laevis,,sbt,Blue tag 6053 - 3719,f
1155,20141209,OSBS_033,23,4,3728,,61,187.8,31.7,Quercus laevis,,sbt,,g
1156,20141209,OSBS_033,23,3,3715,,23,36.1,16.4,Pinus palustris,,sbt,NTEF,a
1157,20141209,OSBS_033,23,3,3714,,61,203.8,25,Quercus laevis,,sbt,,b
1158,20141209,OSBS_033,23,3,3711,,61,203.6,26.2,Quercus laevis,,sbt,,c
1159,20141209,OSBS_033,23,3,3713,,61,211.3,29.3,Pinus palustris,,sbt,,d
1160,20141209,OSBS_033,23,3,3712,,61,220.9,28.4,Quercus laevis,,sbt,,e
1161,20141209,OSBS_033,23,1,3735,,23,35.9,10.4,Quercus geminata,,sbt,,f
1162,20141209,OSBS_033,23,1,3729,,61,203,34.4,Quercus geminata,,sbt,,g
1163,20141209,OSBS_033,23,1,3731,,61,203.3,36.1,Quercus geminata,,sbt,,a
1164,20141209,OSBS_033,23,1,3730,,23,41.6,9.4,Quercus geminata,,sbt,,b
1165,20141209,OSBS_033,23,1,3734,,23,40.9,8.3,Quercus geminata,,sbt,,c
1166,20141209,OSBS_033,23,1,3732,,23,48,10.3,Quercus geminata,,sbt,NTEF,d
1167,20141209,OSBS_033,23,1,3733,,23,51.5,9.4,Quercus geminata,,sbt,,e
1168,20141209,OSBS_033,23,1,3756,,23,54.9,8.8,Quercus geminata,,sbt,,f
1169,20141209,OSBS_033,39,2,3736,,61,240.8,25.5,Pinus palustris,,sbt,NTEF,g
1170,20141209,OSBS_033,41,4,3791,,,,,Diospyros virginiana,cf. species,sap,NTEF,a
1171,20141209,OSBS_033,41,4,3790,,,,,Diospyros virginiana,cf. species,sms,,b
1172,20141209,OSBS_033,41,4,3792,,,,,Diospyros virginiana,cf. species,sms,,c
1173,20141209,OSBS_033,41,4,3793,,,,,Diospyros virginiana,cf. species,sms,,d
1174,20141209,OSBS_033,41,4,3794,,,,,Diospyros virginiana,cf. species,sms,,e
1175,20141209,OSBS_033,41,4,3788,,,,,Quercus laevis,,sms,,f
1176,20141209,OSBS_033,41,4,3769,,,,,Diospyros virginiana,cf. species,sms,,g
1177,20141209,OSBS_033,41,4,3770,,,,,Diospyros virginiana,cf. species,sms,,a
1178,20141209,OSBS_033,41,4,3782,,,,,Diospyros virginiana,cf. species,sis,,b
1179,20141209,OSBS_033,41,4,3779,,,,,Quercus laevis,,smt,,c
1180,20141209,OSBS_033,41,4,3789,,,,,Quercus laevis,,smt,NTEF,d
1181,20141209,OSBS_033,41,4,3781,,,,,Quercus laevis,,smt,,e
1182,20141209,OSBS_033,41,4,3778,,,,,Diospyros virginiana,cf. species,sap,,f
1183,20141209,OSBS_033,41,4,3780,,,,,Quercus laevis,,smt,,g
1184,20141209,OSBS_033,41,1,3787,,,,,Quercus laevis,,sms,,a
1185,20141209,OSBS_033,41,1,3786,,,,,Quercus laevis,,smt,,b
1186,20141209,OSBS_033,41,1,3784,,,,,Quercus laevis,,smt,,c
1187,20141209,OSBS_033,41,1,3783,,,,,Diospyros virginiana,cf. species,sap,,d
1188,20141209,OSBS_033,41,1,3777,,,,,Quercus laevis,,sms,,e
1189,20141209,OSBS_033,41,1,3785,,,,,Quercus laevis,,sap,,f
1190,20141209,OSBS_033,41,1,3776,,,,,Quercus laevis,,smt,NTEF,g
1191,20141209,OSBS_033,41,1,3774,,,,,Quercus laevis,,smt,,a
1192,20141209,OSBS_033,41,1,3773,,,,,Quercus laevis,,sms,,b
1193,20141209,OSBS_033,41,1,3772,,,,,Quercus laevis,,smt,,c
1194,20141209,OSBS_033,41,1,3775,,,,,Quercus laevis,,sms,,d
1195,20141209,OSBS_033,41,1,3767,,,,,Quercus laevis,,smt,,e
1196,20141209,OSBS_033,21,4,3760,,,,,Pinus palustris,,sap,,f
1197,20141209,OSBS_033,21,4,3766,,,,,Pinus palustris,,sap,,g
1198,20141209,OSBS_033,21,4,3768,,,,,Quercus laevis,,smt,,a
1199,20141209,OSBS_033,21,4,3762,,,,,Pinus palustris,,sap,,b
1200,20141209,OSBS_033,21,4,3764,,,,,Pinus palustris,,sap,NTEF,c
1201,20141209,OSBS_033,21,4,3763,,,,,Quercus laevis,,sms,,d
1202,20141209,OSBS_033,21,4,3765,,,,,Quercus laevis,,smt,,e
1203,20141209,OSBS_033,21,4,3771,,,,,Quercus laevis,,sap,,f
1204,20141209,OSBS_033,21,1,3758,,,,,Pinus palustris,,sap,,g
1205,20141209,OSBS_033,21,1,3759,,,,,Pinus palustris,,sap,,a
1206,20141209,OSBS_033,21,1,3757,,,,,Pinus palustris,,smt,NTEF,b
1207,20141124,OSBS_034,23,4,2957,,43,237.6,6.5,Pinus palustris,,sbt,NTEF,c
1208,20141124,OSBS_034,23,2,2956,,43,215.8,13.8,Pinus palustris,,sbt,,d
1209,20141124,OSBS_034,23,2,2953,,43,195.8,13.4,Pinus palustris,,sbt,,e
1210,20141124,OSBS_034,23,2,2950,,43,189.6,13.7,Pinus palustris,,sbt,,f
1211,20141124,OSBS_034,23,2,2951,,43,183.3,13.6,Pinus palustris,,sbt,,g
1212,20141124,OSBS_034,23,2,2954,,43,198.3,18.9,Quercus laevis,,sbt,,a
1213,20141124,OSBS_034,23,2,2955,,43,203.5,19.7,Quercus laevis,,sbt,,b
1214,20141124,OSBS_034,41,2,2958,,43,281,4.6,Pinus palustris,,sbt,,c
1215,20141124,OSBS_034,41,2,2959,,43,319.3,4.5,Pinus palustris,,sbt,,d
1216,20141124,OSBS_034,41,2,2960,,43,331.2,8.3,Pinus palustris,,sbt,,e
1217,20141124,OSBS_034,41,2,2961,,43,356.4,7.6,Pinus palustris,,sbt,NTEF,f
1218,20141124,OSBS_034,41,4,2965,,43,354.8,19.3,Quercus geminata,,sbt,,g
1219,20141124,OSBS_034,41,4,2962,,43,338,16.2,Pinus palustris,,sbt,,a
1220,20141124,OSBS_034,41,4,2963,,43,333.8,19.5,Pinus palustris,,sbt,,b
1221,20141124,OSBS_034,41,4,2964,,43,332.9,20.2,Pinus palustris,,sbt,,c
1222,20141124,OSBS_034,41,4,2966,,43,309.1,18,Quercus laevis,,sbt,,d
1223,20141124,OSBS_034,41,3,2968,,43,287,14.8,Pinus palustris,,sbt,,e
1224,20141124,OSBS_034,41,3,2969,,43,275,12.5,Quercus laevis,,sbt,,f
1225,20141124,OSBS_034,41,3,2970,,43,286.1,17.6,Pinus palustris,,sbt,,g
1226,20141124,OSBS_034,21,1,2981,,21,39.2,2.9,Pinus palustris,,sbt,NTEF,a
1227,20141124,OSBS_034,21,1,2982,,21,48.6,10.3,Pinus palustris,,sbt,NTEF,b
1228,20141124,OSBS_034,21,1,2980,,21,73.7,12.1,Quercus laevis,,sbt,,c
1229,20141124,OSBS_034,21,1,,,21,91.5,20,Quercus laevis,,sbt,,d
1230,20141124,OSBS_034,21,1,2984,,21,70.9,19.6,Quercus laevis,,sbt,,e
1231,20141124,OSBS_034,21,4,2983,,21,49.4,18.8,Quercus laevis,,sbt,,f
1232,20141124,OSBS_034,21,4,2994,,21,53.8,17.2,Pinus palustris,,sbt,,g
1233,20141124,OSBS_034,21,4,2311,,21,42,23,Quercus laevis,,sbt,,a
1234,20141124,OSBS_034,21,4,2312,,39,91.1,16.5,Quercus laevis,,sbt,,b
1235,20141124,OSBS_034,21,4,2309,,21,37.9,19.7,Pinus palustris,,sbt,,c
1236,20141124,OSBS_034,21,4,2310,,21,36.8,18.7,Pinus palustris,,sbt,,d
1237,20141124,OSBS_034,21,3,2996,,39,126.9,10.3,Pinus palustris,,sbt,,e
1238,20141124,OSBS_034,21,3,2995,,21,32.3,11.6,Pinus palustris,,sbt,NTEF,f
1239,20141124,OSBS_034,21,3,2999,,21,19,13.7,Pinus palustris,,sbt,,g
1240,20141124,OSBS_034,21,3,3000,,21,16.3,14.3,Pinus palustris,,sbt,,a
1241,20141124,OSBS_034,21,3,2998,,21,23.3,15.3,Pinus palustris,,sbt,,b
1242,20141124,OSBS_034,21,3,2997,,21,26.7,16.9,Pinus palustris,,sbt,,c
1243,20141124,OSBS_034,21,3,2307,,21,16.2,16.7,Pinus palustris,,sbt,,d
1244,20141124,OSBS_034,21,3,2308,,21,13.6,17.7,Pinus palustris,,sbt,,e
1245,20141124,OSBS_034,21,3,2306,,21,13.3,18.2,Pinus palustris,,sbt,,f
1246,20141124,OSBS_034,39,1,2974,,39,85.6,4.5,Pinus palustris,,sbt,,g
1247,20141124,OSBS_034,39,1,2975,,39,75.9,5.1,Pinus palustris,,sbt,,a
1248,20141124,OSBS_034,39,1,2977,,39,9.6,3.7,Pinus palustris,,sbt,NTEF,b
1249,20141124,OSBS_034,39,1,2978,,39,0.7,6.1,Pinus palustris,,sbt,,c
1250,20141124,OSBS_034,39,1,2973,,39,57,8.7,Quercus laevis,,sbt,NTEF,d
1251,20141124,OSBS_034,39,2,2972,,41,278.6,8.6,Pinus palustris,,sbt,,e
1252,20141124,OSBS_034,39,2,2971,,39,75.7,17.3,Quercus laevis,,sbt,,f
1253,20141124,OSBS_034,39,2,2967,,39,48.9,24.9,Pinus palustris,,sbt,,g
1254,20141124,OSBS_034,39,3,2979,,39,19.6,16,Pinus palustris,,sbt,,a
1255,20141124,OSBS_034,39,3,2990,,57,136.9,4.2,Pinus palustris,,sbt,,b
1256,20141124,OSBS_034,39,1,2976,,39,55,6.5,Pinus palustris,,sbt,NTEF,c
1257,20141124,OSBS_034,23,2,2317,,,,,Asimina incana,,sms,,d
1258,20141124,OSBS_034,23,2,2318,,,,,Quercus laevis,,sms,,e
1259,20141124,OSBS_034,23,2,2319,,,,,Quercus laevis,,sms,,f
1260,20141124,OSBS_034,23,2,2320,,,,,Quercus laevis,,sms,,g
1261,20141124,OSBS_034,23,2,2321,,,,,Quercus laevis,,,,a
1262,20141124,OSBS_034,23,2,2322,,,,,Quercus laevis,,sms,,b
1263,20141124,OSBS_034,23,2,2323,,,,,Quercus laevis,,smt,,c
1264,20141124,OSBS_034,23,2,2315,,,,,Quercus laevis,,sms,,d
1265,20141124,OSBS_034,23,2,2316,,,,,Quercus laevis,,sms,,e
1266,20141124,OSBS_034,23,4,2329,,,,,Quercus laevis,,sms,NTEF,f
1267,20141124,OSBS_034,23,4,2328,,,,,Quercus laevis,,,,g
1268,20141124,OSBS_034,23,4,2327,,,,,Quercus laevis,,,,a
1269,20141124,OSBS_034,23,4,2326,,,,,Asimina incana,,sms,,b
1270,20141124,OSBS_034,23,4,2324,,,,,Quercus laevis,,sms,,c
1271,20141124,OSBS_034,23,4,2325,,,,,Quercus laevis,,sms,,d
1272,20141124,OSBS_034,23,4,2334,,,,,Quercus laevis,,sms,,e
1273,20141124,OSBS_034,23,4,2333,,,,,Quercus laevis,,sms,NTEF,f
1274,20141124,OSBS_034,23,4,2332,,,,,Quercus laevis,,sms,,g
1275,20141124,OSBS_034,23,4,2331,,,,,Quercus laevis,,sms,,a
1276,20141124,OSBS_034,23,4,2338,,,,,Quercus laevis,,smt,,b
1277,20141124,OSBS_034,23,4,2330,,,,,Quercus laevis,,sms,,c
1278,20141124,OSBS_034,23,4,2337,,,,,Quercus laevis,,sms,,d
1279,20141124,OSBS_034,23,4,2336,,,,,Quercus laevis,,sms,,e
1280,20141124,OSBS_034,23,4,2339,,,,,Quercus laevis,,smt,,f
1281,20141124,OSBS_034,23,4,2340,,,,,Quercus laevis,,sms,,g
1282,20141124,OSBS_034,23,4,2335,,,,,Quercus laevis,,sms,,a
1283,20141124,OSBS_034,23,4,2341,,,,,Quercus laevis,,smt,NTEF,b
1284,20141124,OSBS_034,41,4,2383,,,,,Pinus palustris,,sap,,c
1285,20141124,OSBS_034,41,4,2385,,,,,Pinus palustris,,sap,,d
1286,20141124,OSBS_034,41,4,2384,,,,,Pinus palustris,,sap,,e
1287,20141124,OSBS_034,41,4,2386,,,,,Quercus laevis,,sms,,f
1288,20141124,OSBS_034,41,1,2342,,,,,Pinus palustris,,smt,,g
1289,20141124,OSBS_034,41,1,2371,,,,,Quercus laevis,,smt,,a
1290,20141124,OSBS_034,41,1,2372,,,,,Quercus laevis,,smt,,b
1291,20141124,OSBS_034,41,1,2374,,,,,Quercus laevis,,smt,,c
1292,20141124,OSBS_034,41,1,2508,,,,,Pinus palustris,,sap,,d
1293,20141124,OSBS_034,41,1,2391,,,,,Quercus laevis,,sms,NTEF,e
1294,20141124,OSBS_034,41,1,2373,,,,,Quercus laevis,,smt,,f
1295,20141124,OSBS_034,41,1,2376,,,,,Quercus laevis,,smt,,g
1296,20141124,OSBS_034,41,1,2375,,,,,Quercus laevis,,smt,NTEF,a
1297,20141124,OSBS_034,41,1,2400,,,,,Quercus laevis,,sms,,b
1298,20141124,OSBS_034,41,1,2389,,,,,Quercus laevis,,sms,,c
1299,20141124,OSBS_034,41,1,2390,,,,,Quercus laevis,,sms,,d
1300,20141124,OSBS_034,41,1,2387,,,,,Quercus laevis,,sap,,e
1301,20141124,OSBS_034,41,1,2388,,,,,Quercus laevis,,sms,,f
1302,20141124,OSBS_034,21,4,2377,,,,,Quercus laevis,,sms,,g
1303,20141124,OSBS_034,21,4,2378,,,,,Quercus laevis,,sms,,a
1304,20141124,OSBS_034,21,4,2379,,,,,Quercus laevis,,smt,,b
1305,20141124,OSBS_034,21,4,2380,,,,,Quercus laevis,,smt,,c
1306,20141124,OSBS_034,21,4,2381,,,,,Quercus laevis,,smt,NTEF,d
1307,20141124,OSBS_034,21,4,2382,,,,,Quercus laevis,,smt,,e
1308,20141124,OSBS_034,21,4,2503,,,,,Quercus laevis,,sms,,f
1309,20141124,OSBS_034,21,4,2502,,,,,Pinus palustris,,smt,,g
1310,20141124,OSBS_034,21,4,2392,,,,,Pinus palustris,,smt,,a
1311,20141124,OSBS_034,21,4,2500,,,,,Pinus palustris,,smt,,b
1312,20141124,OSBS_034,21,4,2501,,,,,Pinus palustris,,smt,,c
1313,20141124,OSBS_034,21,1,2506,,,,,Pinus palustris,,smt,,d
1314,20141124,OSBS_034,21,1,2398,,,,,Pinus palustris,,sap,,e
1315,20141124,OSBS_034,21,1,2504,,,,,Pinus palustris,,sap,,f
1316,20141124,OSBS_034,21,1,2397,,,,,Pinus palustris,,smt,NTEF,g
1317,20141124,OSBS_034,21,1,2396,,,,,Quercus laevis,,sms,,a
1318,20141124,OSBS_034,21,1,2395,,,,,Quercus laevis,,sms,,b
1319,20141124,OSBS_034,21,1,2393,,,,,Quercus laevis,,sms,,c
1320,20141124,OSBS_034,21,1,2394,,,,,Pinus palustris,,smt,,d
1321,20141124,OSBS_034,21,1,2399,,,,,Pinus palustris,,smt,,e
1322,20141124,OSBS_034,21,1,2305,,,,,Pinus palustris,,sap,,f
1323,20141124,OSBS_034,39,3,2343,,,,,Pinus palustris,,smt,,g
1324,20141124,OSBS_034,39,3,2344,,,,,Pinus palustris,,smt,,a
1325,20141124,OSBS_034,39,3,2348,,,,,Pinus palustris,,sap,,b
1326,20141124,OSBS_034,39,3,2346,,,,,Quercus laevis,,smt,NTEF,c
1327,20141124,OSBS_034,39,3,2345,,,,,Quercus laevis,,smt,,d
1328,20141124,OSBS_034,39,3,2347,,,,,Asimina incana,cf. species,sap,NTEF,e
1329,20141124,OSBS_034,39,3,2353,,,,,Quercus laevis,,sms,,f
1330,20141124,OSBS_034,39,3,2354,,,,,Quercus laevis,,sms,,g
1331,20141124,OSBS_034,39,3,2351,,,,,Quercus laevis,,smt,,a
1332,20141124,OSBS_034,39,3,2350,,,,,Pinus palustris,,smt,,b
1333,20141124,OSBS_034,39,3,2360,,,,,Pinus palustris,,smt,,c
1334,20141124,OSBS_034,39,3,2755,,,,,Quercus laevis,,smt,,d
1335,20141124,OSBS_034,39,1,2349,,,,,Quercus laevis,,sms,,e
1336,20141124,OSBS_034,39,1,2356,,,,,Quercus laevis,,smt,NTEF,f
1337,20141124,OSBS_034,39,1,2361,,,,,Pinus palustris,,smt,,g
1338,20141124,OSBS_034,39,1,2363,,,,,Quercus laevis,,smt,,a
1339,20141124,OSBS_034,39,1,2370,,,,,Asimina incana,cf. species,sms,,b
1340,20141124,OSBS_034,39,1,2367,,,,,Pinus palustris,,smt,,c
1341,20141124,OSBS_034,39,1,2352,,,,,Pinus palustris,,smt,,d
1342,20141124,OSBS_034,39,1,2362,,,,,Pinus palustris,,smt,NTEF,e
1343,20141124,OSBS_034,39,1,2357,,,,,Pinus palustris,,smt,,f
1344,20141124,OSBS_034,39,1,2366,,,,,Pinus palustris,,smt,,g
1345,20141124,OSBS_034,39,1,2358,,,,,Pinus palustris,,smt,NTEF,a
1346,20141124,OSBS_034,39,1,2365,,,,,Pinus palustris,,smt,,b
1347,20141124,OSBS_034,39,1,2368,,,,,Pinus palustris,,smt,,c
1348,20141124,OSBS_034,39,1,2369,,,,,Pinus palustris,,smt,,d
1349,20141124,OSBS_034,39,1,2359,,,,,Pinus palustris,,smt,,e
1350,20141124,OSBS_034,39,1,2364,,,,,Pinus palustris,,smt,,f
1351,20141124,OSBS_034,39,1,2507,,,,,Diospyros virginiana,cf. species,sap,NTEF,g
1352,20141201,OSBS_035,39,3,3206,,39,12.7,18.7,Pinus palustris,,sbt,NTEF,a
1353,20141205,OSBS_032,39,2,3560,,,,,Quercus laevis,,smt,NTEF,b
1354,20141205,OSBS_032,39,2,3580,,,,,Pinus palustris,,sap,,c
1355,20141205,OSBS_032,39,2,3579,,,,,Pinus palustris,,sap,,d
1356,20141205,OSBS_032,39,4,3581,,,,,Pinus palustris,,sap,,e
1357,20141205,OSBS_032,39,4,3585,,,,,Pinus palustris,,sap,,f
1358,20141205,OSBS_032,39,4,3584,,,,,Pinus palustris,,smt,,g
1359,20141205,OSBS_032,39,4,3583,,,,,Pinus palustris,,smt,,a
1360,20141205,OSBS_032,39,4,3582,,,,,Quercus laevis,,smt,,b
1361,20141205,OSBS_032,39,4,3586,,,,,Quercus laevis,,smt,,c
1362,20141205,OSBS_032,39,4,3588,,,,,Quercus laevis,,sms,,d
1363,20141205,OSBS_032,21,4,3575,,,,,Pinus palustris,,sap,NTEF,e
1364,20141205,OSBS_032,21,4,3577,,,,,Pinus palustris,,sap,,f
1365,20141205,OSBS_032,21,4,3576,,,,,Quercus laevis,,smt,,g
1366,20141205,OSBS_032,21,4,3574,,,,,Pinus palustris,,smt,,a
1367,20141205,OSBS_032,21,4,3572,,,,,Pinus palustris,,sap,,b
1368,20141205,OSBS_032,21,4,3571,,,,,Pinus palustris,,sap,,c
1369,20141205,OSBS_032,21,2,3570,,,,,Pinus palustris,,sap,,d
1370,20141205,OSBS_032,21,2,3569,,,,,Quercus laevis,,smt,,e
1371,20141205,OSBS_032,21,2,3566,,,,,Quercus laevis,,sms,,f
1372,20141205,OSBS_032,39,2,3554,,,,,Quercus laevis,,smt,NTEF,g
1373,20141201,OSBS_035,39,3,3207,,39,26.3,17.5,Pinus palustris,,sbt,,a
1374,20141201,OSBS_035,39,3,3213,,39,37.1,19.3,Pinus palustris,,sbt,,b
1375,20141201,OSBS_035,39,4,3214,,39,43.7,18.7,Pinus palustris,,sbt,,c
1376,20141201,OSBS_035,39,4,3212,,39,53.3,18,Pinus palustris,,sbt,,d
1377,20141201,OSBS_035,39,4,3209,,39,46.2,26.1,Pinus palustris,,sbt,,e
1378,20141201,OSBS_035,39,4,3208,,39,57,22.4,Pinus palustris,,sbt,,f
1379,20141201,OSBS_035,39,2,3211,,39,63.8,18.8,Pinus palustris,,sbt,,g
1380,20141201,OSBS_035,39,2,3203,,39,89.4,16.2,Pinus palustris,,sbt,,a
1381,20141201,OSBS_035,39,1,3204,,39,64.1,9.6,Pinus palustris,,sbt,,b
1382,20141201,OSBS_035,39,1,3205,,39,34.7,8.4,Pinus palustris,,sbt,NTEF,c
1383,20141201,OSBS_035,21,3,3199,,39,144.5,3.4,Pinus palustris,,sbt,,d
1384,20141201,OSBS_035,21,3,3198,,39,115.8,9.1,Pinus palustris,,sbt,,e
1385,20141201,OSBS_035,21,4,3197,,39,98.1,12.2,Pinus palustris,,sbt,,f
1386,20141201,OSBS_035,21,4,3196,,39,103.3,19.1,Pinus palustris,,sbt,,g
1387,20141201,OSBS_035,21,2,3195,,39,120.8,21.8,Pinus palustris,,sbt,,a
1388,20141201,OSBS_035,21,2,3194,,39,130.6,23.1,Pinus palustris,,sbt,,b
1389,20141201,OSBS_035,21,1,3202,,39,160,18,Pinus palustris,,sbt,,c
1390,20141121,OSBS_039,23,2,2715,,25,301.9,13.6,Pinus palustris,,sbt,NTEF,d
1391,20141121,OSBS_039,23,2,2720,,25,302.2,12.9,Quercus laevis,,sbt,,e
1392,20141121,OSBS_039,23,2,2716,,25,315.7,9.1,Quercus laevis,,sbt,,f
1393,20141121,OSBS_039,23,2,2717,,25,338,9.5,Pinus palustris,,sbt,,g
1394,20141121,OSBS_039,23,4,2721,,25,339.2,12.2,Pinus palustris,,sbt,,a
1395,20141121,OSBS_039,41,1,2722,,25,341.1,25.4,Pinus palustris,,sbt,,b
1396,20141121,OSBS_039,41,4,2701,,25,342.8,33.2,Pinus palustris,,sbt,,c
1397,20141121,OSBS_039,41,4,2702,,25,345.7,36.7,Quercus laevis,,sbt,,d
1398,20141121,OSBS_039,41,4,2703,,25,344.4,38.6,Quercus laevis,,sbt,,e
1399,20141121,OSBS_039,41,4,2723,,25,358.8,33.3,Pinus palustris,,sbt,,f
1400,20141121,OSBS_039,21,2,2718,,21,81.9,16.3,Pinus palustris,,sbt,NTEF,g
1401,20141121,OSBS_039,21,4,2713,,21,54.7,17.3,Pinus palustris,,sbt,,a
1402,20141121,OSBS_039,21,4,2714,,21,44.5,25.8,Pinus palustris,,sbt,,b
1403,20141121,OSBS_039,21,3,2767,,21,23.5,21,Pinus palustris,,sbt,,c
1404,20141121,OSBS_039,21,3,2726,,21,27.5,15.2,Pinus palustris,,sbt,,d
1405,20141121,OSBS_039,21,3,2709,,21,24.2,11.9,Pinus palustris,,sbt,,e
1406,20141121,OSBS_039,21,3,2708,,21,3.6,11.5,Pinus palustris,,sbt,,f
1407,20141121,OSBS_039,21,1,2727,,21,7.4,8.6,Quercus laevis,,sbt,,g
1408,20141121,OSBS_039,21,1,2711,,21,21.7,8.1,Pinus palustris,,sbt,,a
1409,20141121,OSBS_039,21,1,2710,,21,32.4,8.2,Pinus palustris,,sbt,,b
1410,20141121,OSBS_039,21,1,2712,,21,31.2,5.5,Pinus palustris,,sbt,NTEF,c
1411,20141121,OSBS_039,39,1,2725,,39,42.6,10.6,Quercus laevis,,sbt,,d
1412,20141121,OSBS_039,39,3,2724,,39,359.8,13.7,Pinus palustris,,sbt,,e
1413,20141121,OSBS_039,39,3,2706,,39,16,14.7,Quercus laevis,,sbt,,f
1414,20141121,OSBS_039,39,3,2705,,39,25.9,17.7,Pinus palustris,,sbt,,g
1415,20141121,OSBS_039,41,2,2704,,39,64.9,22.7,Pinus palustris,,sbt,,a
1416,20141121,OSBS_039,39,1,2731,,,,,Quercus laevis,,sms,,b
1417,20141121,OSBS_039,39,1,2730,,,,,Quercus laevis,,sms,,c
1418,20141121,OSBS_039,39,1,2738,,,,,Quercus laevis,,sms,,d
1419,20141121,OSBS_039,39,1,2729,,,,,Quercus laevis,,sms,,e
1420,20141121,OSBS_039,39,1,2728,,,,,Quercus laevis,,sms,NTEF,f
1421,20141121,OSBS_039,39,1,2733,,,,,Quercus laevis,,sms,,g
1422,20141121,OSBS_039,39,3,2734,,,,,Quercus laevis,,sms,,a
1423,20141121,OSBS_039,39,3,2739,,,,,Quercus laevis,,sms,,b
1424,20141121,OSBS_039,39,1,2740,,,,,Quercus laevis,,smt,,c
1425,20141121,OSBS_039,39,1,2741,,,,,Pinus palustris,,smt,,d
1426,20141121,OSBS_039,39,1,2742,,,,,Quercus laevis,,sms,,e
1427,20141121,OSBS_039,39,1,2743,,,,,Quercus laevis,,smt,,f
1428,20141121,OSBS_039,39,1,2744,,,,,Pinus palustris,,smt,,g
1429,20141121,OSBS_039,39,3,2745,,,,,Pinus palustris,,smt,,a
1430,20141121,OSBS_039,39,3,2746,,,,,Pinus palustris,,smt,NTEF,b
1431,20141121,OSBS_039,39,3,2747,,,,,Quercus laevis,,sms,,c
1432,20141121,OSBS_039,39,3,2749,,,,,Quercus laevis,,smt,,d
1433,20141121,OSBS_039,39,3,2748,,,,,Pinus palustris,,smt,NTEF,e
1434,20141121,OSBS_039,41,1,1476,,,,,Quercus laevis,,sms,,f
1435,20141121,OSBS_039,41,1,1474A,,,,,Quercus laevis,,smt,,g
1436,20141121,OSBS_039,41,1,1474B,,,,,Quercus laevis,,smt,,a
1437,20141121,OSBS_039,41,1,1477,,,,,Quercus laevis,,sms,,b
1438,20141121,OSBS_039,41,1,1492,,,,,Quercus laevis,,sms,,c
1439,20141121,OSBS_039,41,1,2735,,,,,Quercus laevis,,sms,,d
1440,20141121,OSBS_039,41,1,2736,,,,,Quercus laevis,,sms,NTEF,e
1441,20141121,OSBS_039,41,1,2737,,,,,Quercus laevis,,sms,,f
1442,20141121,OSBS_039,41,1,1468,,,,,Quercus laevis,,sms,,g
1443,20141121,OSBS_039,41,1,1495,,,,,Quercus laevis,,sms,,a
1444,20141121,OSBS_039,41,4,1469,,,,,Quercus laevis,,sms,,b
1445,20141121,OSBS_039,41,4,1467,,,,,Quercus laevis,,smt,,c
1446,20141121,OSBS_039,41,4,1465,,,,,Quercus laevis,,smt,,d
1447,20141121,OSBS_039,23,4,1401,,,,,Quercus laevis,,smt,,e
1448,20141121,OSBS_039,23,4,1402,,,,,Quercus laevis,,smt,,f
1449,20141121,OSBS_039,23,4,1403,,,,,Quercus laevis,,sms,,g
1450,20141121,OSBS_039,23,4,1405,,,,,Pinus palustris,,sms,NTEF,a
1451,20141121,OSBS_039,23,4,1407,,,,,Quercus laevis,,sms,,b
1452,20141121,OSBS_039,23,4,1406,,,,,Quercus laevis,,sms,,c
1453,20141121,OSBS_039,23,4,1413,,,,,Quercus laevis,,sms,,d
1454,20141121,OSBS_039,23,4,2750,,,,,Quercus laevis,,sms,,e
1455,20141121,OSBS_039,23,4,1414,,,,,Pinus palustris,,sms,,f
1456,20141121,OSBS_039,23,4,1404,,,,,Quercus laevis,,smt,NTEF,g
1457,20141121,OSBS_039,23,4,1410,,,,,Quercus laevis,,smt,,a
1458,20141121,OSBS_039,23,4,1411,,,,,Quercus laevis,,sms,,b
1459,20141121,OSBS_039,23,4,1429,,,,,Quercus laevis,,sms,,c
1460,20141201,OSBS_035,21,1,3200,,39,160.5,13.9,Pinus palustris,,sbt,,d
1461,20141201,OSBS_035,21,1,3201,,39,175.1,18,Pinus palustris,,sbt,,e
1462,20141201,OSBS_035,23,1,3192,,43,214,26.6,Pinus palustris,,sbt,NTEF,f
1463,20141201,OSBS_035,23,1,3193,,43,226.4,20.5,Pinus palustris,,sbt,,g
1464,20141201,OSBS_035,23,3,3190,,43,259,13,Pinus palustris,,sbt,,a
1465,20141201,OSBS_035,23,2,3191,,43,182.3,17.7,Pinus palustris,,sbt,,b
1466,20141201,OSBS_035,41,4,3218,,43,341.1,9.9,Pinus palustris,,sbt,,c
1467,20141201,OSBS_035,41,2,3211,,43,288.6,7.3,Pinus palustris,,sbt,,d
1468,20141201,OSBS_035,41,1,3216,,43,274.6,15.5,Pinus palustris,,sbt,,e
1469,20141201,OSBS_035,41,1,3215,,43,277.9,18.2,Pinus palustris,,sbt,,f
1470,20141201,OSBS_035,41,2,3210,,43,310.9,11.6,Pinus palustris,,sbt,,g
1471,20141201,OSBS_035,41,4,3220,,43,324.5,17.9,Pinus palustris,,sbt,,a
1472,20141201,OSBS_035,41,4,3221,,43,329.5,19.1,Pinus palustris,,sbt,NTEF,b
1473,20141201,OSBS_035,41,4,3227,,43,337.3,21.3,Pinus palustris,,sbt,,c
1474,20141201,OSBS_035,41,4,3226,,43,344.3,19.4,Pinus palustris,,sbt,,d
1475,20141201,OSBS_035,41,4,3225,,43,349.7,18.9,Pinus palustris,,sbt,,e
1476,20141201,OSBS_035,41,4,3223,,43,351.4,17.6,Pinus palustris,,sbt,,f
1477,20141201,OSBS_035,41,4,3222,,43,346.1,16.4,Pinus palustris,,sbt,,g
1478,20141201,OSBS_035,41,4,3224,,43,358.4,18.3,Pinus palustris,,sbt,NTEF,a
1479,20141201,OSBS_035,41,4,3259,,,,,Pinus palustris,,smt,,b
1480,20141201,OSBS_035,41,4,3258,,,,,Pinus palustris,,smt,,c
1481,20141201,OSBS_035,41,4,3261,,,,,Quercus laevis,,sms,,d
1482,20141201,OSBS_035,41,4,3260,,,,,Quercus laevis,,sms,,e
1483,20141201,OSBS_035,41,4,3256,,,,,Pinus palustris,,smt,,f
1484,20141201,OSBS_035,41,4,3257,,,,,Pinus palustris,,smt,,g
1485,20141201,OSBS_035,41,4,3255,,,,,Pinus palustris,,smt,,a
1486,20141201,OSBS_035,41,4,3263,,,,,Quercus laevis,,sms,,b
1487,20141201,OSBS_035,41,4,3262,,,,,Pinus palustris,,smt,,c
1488,20141201,OSBS_035,41,4,3252,,,,,Quercus laevis,cf. species,smt,NTEF,d
1489,20141201,OSBS_035,41,4,3253,,,,,Quercus laevis,,smt,,e
1490,20141201,OSBS_035,41,4,3254,,,,,Pinus palustris,,smt,,f
1491,20141201,OSBS_035,41,1,3251,,,,,Quercus laevis,,sms,,g
1492,20141201,OSBS_035,41,1,3250,,,,,Quercus laevis,,sms,,a
1493,20141201,OSBS_035,41,1,3249,,,,,Quercus laevis,,sms,,b
1494,20141201,OSBS_035,41,1,3248,,,,,Quercus laevis,,smt,,c
1495,20141201,OSBS_035,41,1,3246,,,,,Pinus palustris,,smt,,d
1496,20141201,OSBS_035,41,1,3247,,,,,Pinus palustris,,sap,,e
1497,20141201,OSBS_035,41,1,3245,,,,,Asimina incana,,sms,,f
1498,20141201,OSBS_035,41,1,3243,,,,,Asimina incana,cf. species,sms,NTEF,g
1499,20141201,OSBS_035,41,1,3244,,,,,Quercus laevis,,sms,,a
1500,20141201,OSBS_035,41,1,3234,,,,,Quercus laevis,,sms,,b
1501,20141201,OSBS_035,23,4,3235,,,,,Pinus palustris,,smt,,c
1502,20141201,OSBS_035,23,4,3236,,,,,Asimina incana,cf. species,sms,,d
1503,20141201,OSBS_035,23,4,3228,,,,,Quercus laevis,,smt,,e
1504,20141201,OSBS_035,23,4,3230,,,,,Pinus palustris,,sap,,f
1505,20141201,OSBS_035,23,4,3237,,,,,Pinus palustris,,sap,,g
1506,20141201,OSBS_035,23,4,3229,,,,,Pinus palustris,,sap,,a
1507,20141201,OSBS_035,23,4,3239,,,,,Pinus palustris,,sap,,b
1508,20141201,OSBS_035,23,4,3231,,,,,Quercus laevis,,smt,NTEF,c
1509,20141201,OSBS_035,23,4,3232,,,,,Asimina incana,cf. species,sap,,d
1510,20141201,OSBS_035,23,4,3233,,,,,Quercus laevis,,sms,,e
1511,20141201,OSBS_035,23,2,3242,,,,,Asimina incana,cf. species,sap,,f
1512,20141201,OSBS_035,23,2,3241,,,,,Pinus palustris,,sap,,g
1513,20141201,OSBS_035,23,2,3240,,,,,Quercus laevis,,smt,NTEF,a
1514,20141203,OSBS_037,23,1,3323,,23,80.9,8.6,Pinus palustris,,sbt,NTEF,b
1515,20141203,OSBS_037,23,4,3324,,23,44.6,22.7,Pinus palustris,,sbt,,c
1516,20141203,OSBS_037,23,4,3335,,23,40,24.4,,cf. family,sbt,Unknown; dead,d
1517,20141203,OSBS_037,23,3,3325,,23,24.1,21.1,Pinus palustris,,sbt,,e
1518,20141203,OSBS_037,41,1,3334,,23,27.4,22.9,Pinus palustris,,sbt,,f
1519,20141203,OSBS_037,41,1,3333,,23,17.3,26.3,Pinus palustris,,sbt,,g
1520,20141203,OSBS_037,41,2,3336,,23,32.2,30.5,Pinus palustris,,sbt,NTEF,a
1521,20141203,OSBS_037,41,3,3332,,23,7.1,32.1,Pinus palustris,,sbt,,b
1522,20141203,OSBS_037,41,3,3331,,23,3.9,34.4,Pinus palustris,,sbt,,c
1523,20141203,OSBS_037,39,4,3330,,23,0.4,36.8,Pinus palustris,,sbt,,d
1524,20141203,OSBS_037,39,1,3329,,23,356.3,25.1,Pinus palustris,,sbt,,e
1525,20141203,OSBS_037,21,4,3326,,23,1.2,16.6,Pinus palustris,,sbt,,f
1526,20141203,OSBS_037,21,3,3327,,23,324.7,21.3,Pinus palustris,,sbt,,g
1527,20141203,OSBS_037,21,3,3328,,23,299.2,19.3,Pinus palustris,,sbt,NTEF,a
1528,20141203,OSBS_037,21,1,3368,,,,,Quercus laevis,,sms,,b
1529,20141203,OSBS_037,21,1,3366,,,,,Quercus laevis,,sms,,c
1530,20141203,OSBS_037,21,1,3367,,,,,Quercus laevis,,sms,NTEF,d
1531,20141203,OSBS_037,21,1,3365,,,,,Quercus laevis,,sms,,e
1532,20141203,OSBS_037,21,4,3364,,,,,Quercus laevis,,sms,,f
1533,20141203,OSBS_037,21,4,3363,,,,,Quercus laevis,,sms,,g
1534,20141203,OSBS_037,21,4,3362,,,,,Quercus laevis,,sms,,a
1535,20141203,OSBS_037,21,4,3361,,,,,Quercus laevis,,sms,,b
1536,20141203,OSBS_037,21,4,3360,,,,,Quercus laevis,,sms,,c
1537,20141203,OSBS_037,21,4,3359,,,,,Quercus laevis,,sms,,d
1538,20141203,OSBS_037,21,4,3358,,,,,Quercus laevis,,smt,,e
1539,20141203,OSBS_037,39,1,3352,,,,,Quercus laevis,,smt,,f
1540,20141203,OSBS_037,39,1,3353,,,,,Pinus palustris,,smt,NTEF,g
1541,20141203,OSBS_037,39,1,3357,,,,,Quercus laevis,,smt,,a
1542,20141203,OSBS_037,39,1,3356,,,,,Pinus palustris,,smt,,b
1543,20141203,OSBS_037,39,1,3355,,,,,Quercus laevis,,sms,,c
1544,20141203,OSBS_037,39,1,3350,,,,,Quercus laevis,,sms,,d
1545,20141203,OSBS_037,39,1,3349,,,,,Quercus laevis,,sap,,e
1546,20141203,OSBS_037,39,1,3351,,,,,Quercus laevis,,sms,,f
1547,20141203,OSBS_037,39,1,3354,,,,,Quercus laevis,,sms,,g
1548,20141203,OSBS_037,39,1,3346,,,,,Quercus laevis,,smt,,a
1549,20141203,OSBS_037,39,1,3343,,,,,Pinus palustris,,sap,,b
1550,20141203,OSBS_037,39,1,3344,,,,,Quercus laevis,,sms,NTEF,c
1551,20141203,OSBS_037,39,1,3347,,,,,Quercus laevis,,sms,,d
1552,20141203,OSBS_037,39,1,3348,,,,,Quercus laevis,,sms,,e
1553,20141203,OSBS_037,39,3,3342,,,,,Pinus palustris,,smt,,f
1554,20141203,OSBS_037,39,3,3340,,,,,Pinus palustris,,smt,,g
1555,20141203,OSBS_037,39,3,3341,,,,,Quercus laevis,,sms,,a
1556,20141203,OSBS_037,39,3,3338,,,,,Pinus palustris,,smt,NTEF,b
1557,20141124,OSBS_038,23,2,3001,,25,272.7,2.6,Pinus palustris,,sbt,NTEF,c
1558,20141124,OSBS_038,23,2,3002,,25,275.8,5.6,Pinus palustris,,sbt,,d
1559,20141124,OSBS_038,23,1,3003,,25,277.7,10.6,Pinus palustris,,sbt,,e
1560,20141124,OSBS_038,23,1,3004,,25,276.7,15.9,Quercus laevis,,sbt,,f
1561,20141124,OSBS_038,23,1,3005,,25,287.3,18.4,Pinus palustris,,sbt,,g
1562,20141124,OSBS_038,23,1,3009,,25,291.8,15.2,Quercus laevis,,sbt,,a
1563,20141124,OSBS_038,23,1,3010,,25,289.5,13.2,Pinus palustris,,sbt,,b
1564,20141124,OSBS_038,23,2,3011,,25,293.5,10.7,Pinus palustris,,sbt,,c
1565,20141124,OSBS_038,23,1,3007,,25,299.8,23.5,Pinus palustris,,sbt,,d
1566,20141124,OSBS_038,23,1,3008,,25,305.8,23.5,Pinus palustris,,sbt,,e
1567,20141124,OSBS_038,23,1,3021,,25,318.2,27.1,Pinus palustris,,sbt,NTEF,f
1568,20141124,OSBS_038,23,1,3022,,25,321.8,24.7,Quercus laevis,,sbt,,g
1569,20141124,OSBS_038,23,1,3020,,25,320,23.6,Pinus palustris,,sbt,,a
1570,20141124,OSBS_038,23,1,3019,,25,319.1,22,Pinus palustris,,sbt,,b
1571,20141124,OSBS_038,23,1,3017,,25,323.8,18.2,Pinus palustris,,sbt,,c
1572,20141124,OSBS_038,23,1,3018,,23,24.9,19.6,Pinus palustris,,sbt,,d
1573,20141124,OSBS_038,23,1,3073,,25,329.2,21.8,Pinus palustris,,sbt,,e
1574,20141124,OSBS_038,23,2,3012,,25,303.8,11.2,Pinus palustris,,sbt,,f
1575,20141124,OSBS_038,23,2,3013,,25,305.3,12,Pinus palustris,,sbt,,g
1576,20141124,OSBS_038,23,2,3014,,25,327,9.1,Quercus laevis,,sbt,,a
1577,20141124,OSBS_038,23,2,3016,,25,324.7,14.8,Pinus palustris,,sbt,NTEF,b
1578,20141124,OSBS_038,23,2,3015,,25,332.2,10.1,Pinus palustris,,sbt,,c
1579,20141124,OSBS_038,23,2,3023,,25,339.5,20.2,Quercus laevis,,sbt,,d
1580,20141124,OSBS_038,23,2,3024,,25,348.6,17.3,Quercus laevis,,sbt,,e
1581,20141124,OSBS_038,23,2,3025,,25,350.8,16.2,Pinus palustris,,sbt,,f
1582,20141124,OSBS_038,23,2,3026,,25,0.3,19.5,Pinus palustris,,sbt,,g
1583,20141124,OSBS_038,41,2,3074,,43,290.6,1.1,Pinus palustris,,sbt,,a
1584,20141124,OSBS_038,41,2,3075,,43,310.4,3,Pinus palustris,,sbt,,b
1585,20141124,OSBS_038,41,2,3076,,43,283.4,3.5,Pinus palustris,,sbt,,c
1586,20141124,OSBS_038,41,1,3077,,43,278.1,8.1,Pinus palustris,,sbt,,d
1587,20141124,OSBS_038,41,1,3078,,43,279.7,10.5,Pinus palustris,,sbt,NTEF,e
1588,20141124,OSBS_038,41,1,3072,,43,273.3,13.7,Quercus laevis,,sbt,,f
1589,20141124,OSBS_038,41,1,3068,,43,274.5,18.5,Pinus palustris,,sbt,,g
1590,20141124,OSBS_038,41,1,3065,,41,5.1,7.8,Pinus palustris,,sbt,,a
1591,20141124,OSBS_038,41,1,3064,,41,11.2,8.3,Pinus palustris,,sbt,,b
1592,20141124,OSBS_038,41,1,3067,,41,25,9.4,Pinus palustris,,sbt,,c
1593,20141124,OSBS_038,41,3,3064,,41,8.7,11.2,Pinus palustris,,sbt,,d
1594,20141124,OSBS_038,41,3,3069,,41,22.1,11.5,Pinus palustris,,sbt,,e
1595,20141124,OSBS_038,41,3,3070,,41,28,12.2,Pinus palustris,,sbt,,f
1596,20141124,OSBS_038,41,3,3063,,41,4.1,13.4,Pinus palustris,,sbt,,g
1597,20141124,OSBS_038,41,3,3062,,41,34.3,17.4,Pinus palustris,,sbt,NTEF,a
1598,20141124,OSBS_038,41,4,3060,,41,44.6,21.3,Quercus laevis,,sbt,,b
1599,20141124,OSBS_038,41,4,3061,,41,52.3,23.5,Pinus palustris,,sbt,,c
1600,20141124,OSBS_038,41,4,3059,,41,32.1,22.3,Quercus laevis,,sbt,,d
1601,20141124,OSBS_038,41,2,3071,,41,57.7,14.6,Pinus palustris,,sbt,,e
1602,20141124,OSBS_038,41,2,3082,,41,63.3,12.6,Pinus palustris,,sbt,,f
1603,20141124,OSBS_038,41,2,3081,,41,66.8,10.7,Pinus palustris,,sbt,,g
1604,20141124,OSBS_038,41,2,3083,,41,76.1,20.7,Pinus palustris,,sbt,,a
1605,20141124,OSBS_038,39,1,3048,,39,16.8,3.9,Pinus palustris,,sbt,,b
1606,20141124,OSBS_038,39,3,3049,,39,12.3,14.4,Pinus palustris,,sbt,,c
1607,20141124,OSBS_038,39,3,3050,,39,22,14.7,Pinus palustris,,sbt,NTEF,d
1608,20141124,OSBS_038,39,4,3051,,39,44,17.3,Pinus palustris,,sbt,,e
1609,20141124,OSBS_038,39,1,3046,,39,81.2,8.1,Pinus palustris,,sbt,,f
1610,20141124,OSBS_038,39,1,3047,,39,77.4,7.1,Pinus palustris,,sbt,,g
1611,20141124,OSBS_038,39,2,3039,,39,90.1,17.3,Pinus palustris,,sbt,,a
1612,20141124,OSBS_038,39,2,3040,,39,85.5,17,Pinus palustris,,sbt,,b
1613,20141124,OSBS_038,39,2,3041,,39,80.2,17.5,Quercus laevis,,sbt,NTEF,c
1614,20141124,OSBS_038,39,2,3042,,39,81.8,18.3,Pinus palustris,,sbt,,d
1615,20141124,OSBS_038,39,2,3043,,39,64.3,22.5,Pinus palustris,,sbt,,e
1616,20141124,OSBS_038,39,4,3044,,39,61.7,20.1,Pinus palustris,,sbt,,f
1617,20141124,OSBS_038,39,4,3045,,39,60,18.9,Pinus palustris,,sbt,NTEF,g
1618,20141124,OSBS_038,39,4,3052,,39,55.4,22.1,Pinus palustris,,sbt,,a
1619,20141124,OSBS_038,39,4,3053,,39,52.4,23.2,Pinus palustris,,sbt,,b
1620,20141124,OSBS_038,39,4,3058,,39,53,26.7,Pinus palustris,,sbt,,c
1621,20141124,OSBS_038,39,4,3054,,39,50.5,24.3,Pinus palustris,,sbt,,d
1622,20141124,OSBS_038,39,4,3057,,39,46.5,25.4,Quercus laevis,,sbt,,e
1623,20141124,OSBS_038,39,4,3055,,39,45.4,22.8,Quercus laevis,,sbt,,f
1624,20141124,OSBS_038,39,4,3056,,39,40.7,21.9,Quercus laevis,,sbt,,g
1625,20141124,OSBS_038,39,4,3051,,39,43.9,17.3,Pinus palustris,,sbt,,a
1626,20141124,OSBS_038,21,4,3037,,39,99.5,16.6,Pinus palustris,,sbt,,b
1627,20141124,OSBS_038,21,4,3036,,39,101.8,15.8,Pinus palustris,,sbt,NTEF,c
1628,20141124,OSBS_038,21,4,3035,,39,106.4,15.9,Pinus palustris,,sbt,,d
1629,20141124,OSBS_038,21,4,3038,,39,108,17.7,Pinus palustris,,sbt,,e
1630,20141124,OSBS_038,21,4,3034,,39,110.6,15.2,Pinus palustris,,sbt,,f
1631,20141124,OSBS_038,21,3,3033,,39,112.4,10,Pinus palustris,,sbt,,g
1632,20141124,OSBS_038,21,3,3029,,39,109.3,3.4,Pinus palustris,,sbt,,a
1633,20141124,OSBS_038,21,3,3028,,39,165.3,3.8,Pinus palustris,,sbt,,b
1634,20141124,OSBS_038,21,3,3031,,39,150.1,6.1,Pinus palustris,,sbt,,c
1635,20141124,OSBS_038,21,3,3030,,39,134.9,8.1,Pinus palustris,,sbt,,d
1636,20141124,OSBS_038,21,2,3029,,39,122.5,17.5,Quercus laevis,,sbt,,e
1637,20141124,OSBS_038,21,2,3027,,39,133.6,20.8,Quercus laevis,,sbt,NTEF,f
1638,20141124,OSBS_038,21,2,3032,,39,167.4,12.2,Pinus palustris,,sbt,,g
1639,20141124,OSBS_038,23,2,3100,,,,,Pinus palustris,,smt,,a
1640,20141124,OSBS_038,23,2,3097,,,,,Pinus palustris,,smt,,b
1641,20141124,OSBS_038,23,2,3094,,,,,Quercus laevis,,smt,,c
1642,20141124,OSBS_038,23,4,3101,,,,,Quercus laevis,,sms,,d
1643,20141124,OSBS_038,23,4,3102,,,,,Quercus laevis,,sms,,e
1644,20141124,OSBS_038,23,4,3088,,,,,Quercus laevis,,smt,,f
1645,20141124,OSBS_038,23,4,3085,,,,,Quercus laevis,,smt,,g
1646,20141124,OSBS_038,23,4,3080,,,,,Quercus laevis,,sms,,a
1647,20141124,OSBS_038,23,4,3086,,,,,Pinus palustris,,smt,NTEF,b
1648,20141124,OSBS_038,23,4,3084,,,,,Quercus laevis,,smt,,c
1649,20141124,OSBS_038,23,4,3089,,,,,Quercus laevis,,smt,,d
1650,20141124,OSBS_038,23,4,3087,,,,,Pinus palustris,,sap,,e
1651,20141124,OSBS_038,23,4,3095,,,,,Pinus palustris,,smt,,f
1652,20141124,OSBS_038,23,4,3103,,,,,Quercus laevis,,smt,,g
1653,20141124,OSBS_038,23,4,3099,,,,,Quercus laevis,,smt,,a
1654,20141124,OSBS_038,23,2,3098,,,,,Pinus palustris,,smt,,b
1655,20141124,OSBS_038,23,2,3093,,,,,Pinus palustris,,smt,,c
1656,20141124,OSBS_038,23,2,3096,,,,,Pinus palustris,,smt,,d
1657,20141124,OSBS_038,23,4,3092,,,,,Pinus palustris,,sap,NTEF,e
1658,20141124,OSBS_038,23,4,3090,,,,,Pinus palustris,,sap,,f
1659,20141124,OSBS_038,23,4,3091,,,,,Pinus palustris,,sap,,g
1660,20141124,OSBS_038,41,4,3114,,,,,Pinus palustris,,smt,,a
1661,20141124,OSBS_038,41,4,3111,,,,,Pinus palustris,,smt,,b
1662,20141124,OSBS_038,41,4,3113,,,,,Pinus palustris,,smt,,c
1663,20141124,OSBS_038,41,4,3112,,,,,Pinus palustris,,smt,,d
1664,20141124,OSBS_038,41,4,3108,,,,,Pinus palustris,,smt,,e
1665,20141124,OSBS_038,41,4,3107,,,,,Pinus palustris,,smt,,f
1666,20141124,OSBS_038,41,4,3106,,,,,Pinus palustris,,smt,,g
1667,20141124,OSBS_038,41,4,3109,,,,,Pinus palustris,,smt,NTEF,a
1668,20141124,OSBS_038,41,4,3110,,,,,Pinus palustris,,sap,,b
1669,20141124,OSBS_038,41,1,3105,,,,,Pinus palustris,,smt,,c
1670,20141124,OSBS_038,41,1,3104,,,,,Pinus palustris,,smt,,d
1671,20141121,OSBS_039,23,2,2719,,25,270.6,18.9,Pinus palustris,,sbt,NTEF,e
1672,20141121,OSBS_039,23,4,1416,,,,,Quercus laevis,,sms,,f
1673,20141121,OSBS_039,23,2,1433,,,,,Quercus laevis,,sms,,g
1674,20141121,OSBS_039,23,2,1417,,,,,Quercus laevis,,sms,,a
1675,20141121,OSBS_039,23,2,1427,,,,,Quercus laevis,,sms,,b
1676,20141121,OSBS_039,23,2,1428,,,,,Quercus laevis,,sms,,c
1677,20141121,OSBS_039,23,2,1434,,,,,Quercus laevis,,sms,,d
1678,20141121,OSBS_039,23,2,1457,,,,,Quercus laevis,,smt,,e
1679,20141121,OSBS_039,23,2,1441,,,,,Quercus laevis,,sms,,f
1680,20141121,OSBS_039,23,2,2757,,,,,Quercus laevis,,sms,NTEF,g
1681,20141121,OSBS_039,23,2,1435,,,,,Quercus laevis,,sms,,a
1682,20141121,OSBS_039,23,2,1436,,,,,Quercus laevis,,sms,,b
1683,20141121,OSBS_039,23,2,2752,,,,,Quercus laevis,,smt,,c
1684,20141121,OSBS_039,23,2,1458,,,,,Quercus laevis,,sms,,d
1685,20141121,OSBS_039,23,2,2753,,,,,Quercus laevis,,smt,NTEF,e
1686,20141210,OSBS_040,41,2,6066,,43,340.7,5.1,Pinus palustris,,sbt,NTEF,f
1687,20141210,OSBS_040,41,2,3802,,43,353.6,9.7,Pinus palustris,,sbt,,g
1688,20141210,OSBS_040,41,4,3800,,43,336,11.4,Quercus laevis,,sbt,,a
1689,20141210,OSBS_040,41,4,3798,,43,320.2,13.8,Quercus laevis,,sbt,,b
1690,20141210,OSBS_040,41,4,3797,,43,330.9,16.7,Pinus palustris,,sbt,,c
1691,20141210,OSBS_040,41,4,3796,,43,334.3,21.1,Quercus laevis,,sbt,,d
1692,20141210,OSBS_040,41,4,3801,,43,338.5,18.1,Pinus palustris,,sbt,,e
1693,20141210,OSBS_040,41,4,3795,,43,344.8,20.1,Pinus palustris,,sbt,,f
1694,20141210,OSBS_040,41,4,3861,,43,358.7,20,Pinus palustris,,sbt,,g
1695,20141210,OSBS_040,41,2,3799,,43,291.5,10.6,Pinus palustris,,sbt,,a
1696,20141210,OSBS_040,41,1,3803,,43,285.9,11.9,Pinus palustris,,sbt,NTEF,b
1697,20141210,OSBS_040,41,1,3807,,43,275.1,15.2,Pinus palustris,,sbt,,c
1698,20141210,OSBS_040,41,1,3808,,43,273.9,18.9,Pinus palustris,,sbt,,d
1699,20141210,OSBS_040,41,1,3804,,43,286.7,14.4,Pinus palustris,,sbt,,e
1700,20141210,OSBS_040,41,1,3805,,43,297.4,15.4,Pinus palustris,,sbt,,f
1701,20141210,OSBS_040,41,1,3806,,43,298.4,16.2,Pinus palustris,,sbt,,g
1702,20141210,OSBS_040,41,1,3809,,43,293.3,21,Quercus margarettae,,sbt,NTEF,a
1703,20141210,OSBS_040,41,3,3810,,43,295.4,22,Quercus margarettae,,sbt,NTEF,b
1704,20141210,OSBS_040,41,3,3862,,43,297.4,20.6,Quercus laevis,,sbt,,c
1705,20141210,OSBS_040,41,3,3812,,43,314.9,23.4,Pinus palustris,,sbt,,d
1706,20141210,OSBS_040,41,3,3811,,43,311.3,27,Pinus palustris,,sbt,NTEF,e
1707,20141210,OSBS_040,41,3,3813,,43,323.3,22.3,Pinus palustris,,sbt,,f
1708,20141210,OSBS_040,39,4,3827,,43,307.4,29.9,Quercus laevis,,sbt,,g
1709,20141210,OSBS_040,39,4,3826,,39,51.4,21.4,Quercus laevis,,sbt,,a
1710,20141210,OSBS_040,39,3,3828,,39,18.6,20.2,Pinus palustris,,sbt,,b
1711,20141210,OSBS_040,39,3,3829,,43,293.7,42,Pinus palustris,,sbt,,c
1712,20141210,OSBS_040,39,3,3830,,43,289,39.6,Pinus palustris,,sbt,,d
1713,20141210,OSBS_040,39,3,3831,,43,287.3,34.4,Pinus palustris,,sbt,,e
1714,20141210,OSBS_040,39,1,3832,,43,275,37.4,Pinus palustris,,sbt,,f
1715,20141210,OSBS_040,23,3,3817,,43,258,10.6,Quercus laevis,,sbt,,g
1716,20141210,OSBS_040,23,3,3816,,43,249,13.4,Quercus laevis,,sbt,NTEF,a
1717,20141210,OSBS_040,23,1,6072,,43,231.7,24.3,Quercus laevis,,sbt,,b
1718,20141210,OSBS_040,23,1,3814,,43,225,27,Pinus palustris,,sbt,,c
1719,20141210,OSBS_040,23,1,3815,,43,223.4,23.3,Quercus laevis,,sbt,,d
1720,20141210,OSBS_040,23,1,3819,,43,214.5,21.8,Pinus palustris,,sbt,,e
1721,20141210,OSBS_040,23,2,3820,,43,204.7,21.9,Quercus laevis,,sbt,,f
1722,20141210,OSBS_040,23,2,3824,,43,208.3,17.2,Quercus laevis,,sbt,,g
1723,20141210,OSBS_040,23,2,6067,,43,212.2,13.8,Quercus laevis,,sbt,,a
1724,20141210,OSBS_040,23,2,3823,,43,196.5,13.8,Quercus laevis,,sbt,,b
1725,20141210,OSBS_040,23,2,3822,,43,183.3,16,Quercus laevis,,sbt,,c
1726,20141210,OSBS_040,23,2,3821,,43,188.2,20.2,Quercus laevis,,sbt,NTEF,d
1727,20141210,OSBS_040,21,4,3835,,39,93.8,19.5,Pinus palustris,,sbt,,e
1728,20141210,OSBS_040,21,4,3836,,39,99,18.4,Pinus palustris,,sbt,,f
1729,20141210,OSBS_040,21,4,3834,,39,102.1,9.8,Pinus palustris,,sbt,,g
1730,20141210,OSBS_040,21,4,3837,,39,122.5,12.7,Pinus palustris,,sbt,,a
1731,20141210,OSBS_040,21,2,3584,,39,123.6,16.9,Pinus palustris,,sbt,,b
1732,20141210,OSBS_040,21,2,3855,,39,119.7,19.1,Pinus palustris,,sbt,,c
1733,20141210,OSBS_040,21,2,3853,,39,139.6,16.5,Pinus palustris,,sbt,,d
1734,20141210,OSBS_040,21,2,6074,,39,145.3,18.6,Quercus laevis,,sbt,,e
1735,20141210,OSBS_040,21,2,3856,,39,134.2,25.1,Quercus laevis,,sbt,,f
1736,20141210,OSBS_040,21,2,3857,,39,142,23.2,Quercus laevis,,sbt,NTEF,g
1737,20141210,OSBS_040,21,1,3858,,21,87.8,9.2,Pinus palustris,,sbt,,a
1738,20141210,OSBS_040,21,1,3859,,21,79.8,6.5,Quercus laevis,,sbt,,b
1739,20141210,OSBS_040,21,1,3860,,39,170.5,19.7,Pinus palustris,,sbt,,c
1740,20141210,OSBS_040,21,1,6075,,39,145.6,16,Pinus palustris,,sbt,,d
1741,20141210,OSBS_040,21,1,3857,,39,143.4,14.6,Pinus palustris,,sbt,,e
1742,20141210,OSBS_040,21,1,3850,,39,153.7,12.2,Quercus laevis,,sbt,,f
1743,20141210,OSBS_040,21,1,3849,,39,158.4,12.3,Pinus palustris,,sbt,,g
1744,20141210,OSBS_040,21,3,3852,,39,136,9.6,Pinus palustris,,sbt,,a
1745,20141210,OSBS_040,21,3,3833,,39,105.9,6.4,Pinus palustris,,sbt,,b
1746,20141210,OSBS_040,21,3,3839,,39,97.2,3.6,Pinus palustris,,sbt,NTEF,c
1747,20141210,OSBS_040,21,3,3838,,39,129.4,4.9,Pinus palustris,,sbt,,d
1748,20141210,OSBS_040,21,3,3845,,39,139.7,7.5,Pinus palustris,,sbt,,e
1749,20141210,OSBS_040,21,3,3846,,39,146.5,7.1,Pinus palustris,,sbt,,f
1750,20141210,OSBS_040,21,3,3848,,39,151.6,8.3,Pinus palustris,,sbt,,g
1751,20141210,OSBS_040,21,3,3840,,39,148.7,3.7,Pinus palustris,,sbt,NTEF,a
1752,20141210,OSBS_040,21,3,3841,,39,151,1.8,Pinus palustris,,sbt,,b
1753,20141210,OSBS_040,21,3,3843,,39,159.3,5.2,Pinus palustris,,sbt,,c
1754,20141210,OSBS_040,21,3,3842,,39,169.1,4.6,Pinus palustris,,sbt,,d
1755,20141210,OSBS_040,21,3,3847,,39,162,6.3,Pinus palustris,,sbt,,e
1756,20141210,OSBS_040,21,3,3844,,39,177.5,6.1,Pinus palustris,,sbt,NTEF,f
1757,20141210,OSBS_040,21,1,3905,,,,,Pinus palustris,,smt,,g
1758,20141210,OSBS_040,21,1,3906,,,,,Pinus palustris,,smt,,a
1759,20141210,OSBS_040,21,1,3908,,,,,Pinus palustris,,smt,,b
1760,20141210,OSBS_040,21,1,3926,,,,,Pinus palustris,,sap,,c
1761,20141210,OSBS_040,21,1,3909,,,,,Pinus palustris,,smt,NTEF,d
1762,20141210,OSBS_040,21,1,3910,,,,,Pinus palustris,,smt,NTEF,e
1763,20141210,OSBS_040,21,2,3930,,,,,Quercus laevis,,smt,,f
1764,20141210,OSBS_040,21,2,3918,,,,,Quercus laevis,,smt,,g
1765,20141210,OSBS_040,21,2,3920,,,,,Pinus palustris,,smt,,a
1766,20141210,OSBS_040,21,2,3919,,,,,Pinus palustris,,smt,,b
1767,20141210,OSBS_040,21,2,3912,,,,,Pinus palustris,,smt,,c
1768,20141210,OSBS_040,21,2,3912,,,,,Pinus palustris,,smt,,d
1769,20141210,OSBS_040,21,2,3921,,,,,Pinus palustris,,smt,,e
1770,20141210,OSBS_040,21,2,3917,,,,,Pinus palustris,,smt,,f
1771,20141210,OSBS_040,21,2,3916,,,,,Pinus palustris,,smt,,g
1772,20141210,OSBS_040,21,2,3915,,,,,Quercus laevis,,sms,,a
1773,20141210,OSBS_040,21,2,3913,,,,,Pinus palustris,,smt,NTEF,b
1774,20141210,OSBS_040,21,2,3907,,,,,Pinus palustris,,smt,,c
1775,20141210,OSBS_040,21,2,3922,,,,,Pinus palustris,,smt,,d
1776,20141210,OSBS_040,21,2,3914,,,,,Quercus laevis,,sms,,e
1777,20141210,OSBS_040,21,2,3911,,,,,Pinus palustris,,smt,,f
1778,20141210,OSBS_040,21,1,3903,,,,,Pinus palustris,,smt,,g
1779,20141210,OSBS_040,21,1,3904,,,,,Pinus palustris,,smt,,a
1780,20141210,OSBS_040,21,1,3925,,,,,Quercus laevis,,sms,,b
1781,20141210,OSBS_040,21,3,3902,,,,,Pinus palustris,,smt,,c
1782,20141210,OSBS_040,21,3,3924,,,,,Quercus laevis,,sap,,d
1783,20141210,OSBS_040,21,3,3923,,,,,Quercus laevis,,sms,NTEF,e
1784,20141210,OSBS_040,21,3,3928,,,,,Pinus palustris,,smt,,f
1785,20141210,OSBS_040,21,3,3927,,,,,Quercus laevis,,sms,,g
1786,20141210,OSBS_040,21,3,3901,,,,,Pinus palustris,,smt,,a
1787,20141210,OSBS_040,21,4,3894,,,,,Quercus laevis,,sms,,b
1788,20141210,OSBS_040,21,4,3893,,,,,Pinus palustris,,sap,,c
1789,20141210,OSBS_040,21,4,3884,,,,,Quercus laevis,,smt,,d
1790,20141210,OSBS_040,21,4,3885,,,,,Quercus laevis,,sms,,e
1791,20141210,OSBS_040,21,4,3892,,,,,Quercus laevis,,sms,,f
1792,20141210,OSBS_040,21,4,3887,,,,,Quercus laevis,,sap,,g
1793,20141210,OSBS_040,21,4,3886,,,,,Quercus laevis,,sap,,a
1794,20141210,OSBS_040,21,4,3888,,,,,Quercus laevis,,sms,,b
1795,20141210,OSBS_040,21,4,3889,,,,,Quercus laevis,,sap,,c
1796,20141210,OSBS_040,21,4,3891,,,,,Quercus laevis,,sms,NTEF,d
1797,20141210,OSBS_040,39,2,3900,,,,,Quercus laevis,,smt,,e
1798,20141210,OSBS_040,39,2,3899,,,,,Quercus laevis,,sap,,f
1799,20141210,OSBS_040,39,2,3890,,,,,Quercus laevis,,sms,,g
1800,20141210,OSBS_040,39,2,3929,,,,,Quercus laevis,,smt,,a
1801,20141210,OSBS_040,39,2,3898,,,,,Quercus laevis,,sms,,b
1802,20141210,OSBS_040,39,2,3897,,,,,Quercus laevis,,sap,,c
1803,20141210,OSBS_040,39,2,3896,,,,,Quercus laevis,,sms,,d
1804,20141210,OSBS_040,39,2,3895,,,,,Quercus laevis,,smt,,e
1805,20141210,OSBS_040,39,2,3883,,,,,Quercus laevis,,smt,,f
1806,20141210,OSBS_040,39,2,3881,,,,,Quercus laevis,,smt,NTEF,g
1807,20141210,OSBS_040,39,2,3882,,,,,Quercus laevis,,smt,,a
1808,20141210,OSBS_040,39,2,3880,,,,,Quercus laevis,,smt,,b
1809,20141210,OSBS_040,39,1,3879,,,,,Quercus laevis,,sap,,c
1810,20141210,OSBS_040,39,1,3878,,,,,Quercus laevis,,sms,NTEF,d
1811,20141210,OSBS_040,39,1,3876,,,,,Quercus laevis,,sms,,e
1812,20141210,OSBS_040,39,1,3877,,,,,Quercus laevis,,sms,,f
1813,20141210,OSBS_040,39,1,3875,,,,,Quercus laevis,,smt,,g
1814,20141210,OSBS_040,39,1,3874,,,,,Quercus laevis,,smt,,a
1815,20141210,OSBS_040,39,1,3931,,,,,Quercus laevis,,sms,,b
1816,20141210,OSBS_040,39,1,3873,,,,,Quercus laevis,,sms,,c
1817,20141210,OSBS_040,39,1,3872,,,,,Quercus laevis,,smt,,d
1818,20141210,OSBS_040,39,1,3871,,,,,Quercus laevis,,smt,,e
1819,20141210,OSBS_040,39,1,3870,,,,,Pinus palustris,,smt,,f
1820,20141210,OSBS_040,39,1,3869,,,,,Pinus palustris,,smt,,g
1821,20141210,OSBS_040,39,1,3868,,,,,Quercus laevis,,sms,,a
1822,20141210,OSBS_040,39,3,3866,,,,,Quercus laevis,,smt,,b
1823,20141210,OSBS_040,39,3,3867,,,,,Quercus laevis,,sms,NTEF,c
1824,20141210,OSBS_040,39,4,3865,,,,,Pinus palustris,,sap,,d
1825,20141210,OSBS_040,39,4,3864,,,,,Quercus laevis,,sms,,e
1826,20141210,OSBS_040,39,4,3863,,,,,Pinus palustris,,smt,NTEF,f
1827,20141202,OSBS_041,39,1,3275,,39,43.3,14.4,Pinus palustris,,sbt,NTEF,g
1828,20141202,OSBS_041,39,2,3277,,39,56.9,16.5,Pinus palustris,,sbt,,a
1829,20141202,OSBS_041,39,3,3276,,39,40,15.7,Pinus palustris,,sbt,,b
1830,20141202,OSBS_041,39,3,3282,,,,,Pinus palustris,,sbt,error in field collection,c
1831,20141202,OSBS_041,39,3,3281,,39,42.4,22,Pinus palustris,,sbt,,d
1832,20141202,OSBS_041,39,4,3279,,39,46.8,21.4,Pinus palustris,,sbt,NTEF,e
1833,20141202,OSBS_041,39,4,3278,,39,50.9,19.3,Pinus palustris,,sbt,,f
1834,20141202,OSBS_041,39,4,3280,,39,48.3,23.7,Pinus palustris,,sbt,,g
1835,20141202,OSBS_041,39,4,3283,,39,42.6,25,Pinus palustris,,sbt,,a
1836,20141202,OSBS_041,39,2,3274,,39,88.1,16.6,Pinus palustris,,sbt,,b
1837,20141202,OSBS_041,41,1,3272,,39,87.4,23.7,Pinus palustris,,sbt,,c
1838,20141202,OSBS_041,41,1,3273,,39,87,24.6,Pinus palustris,,sbt,,d
1839,20141202,OSBS_041,41,2,3270,,39,87.2,40.4,Pinus palustris,,sbt,,e
1840,20141202,OSBS_041,41,2,3271,,39,78.6,37.4,Pinus palustris,,sbt,,f
1841,20141202,OSBS_041,23,2,3269,,39,107.5,36.3,Pinus palustris,,sbt,,g
1842,20141202,OSBS_041,23,1,3268,,39,125,31.6,Pinus palustris,,sbt,NTEF,a
1843,20141202,OSBS_041,21,2,3266,,39,130.6,25.1,Pinus palustris,,sbt,,b
1844,20141202,OSBS_041,21,2,3267,,39,130.4,19.6,Pinus palustris,,sbt,,c
1845,20141202,OSBS_041,21,2,3321,,39,129.5,19.3,Quercus laevis,,sbt,,d
1846,20141202,OSBS_041,21,1,3264,,39,171.3,14.6,Quercus laevis,,sbt,,e
1847,20141202,OSBS_041,21,2,3265,,39,150.6,21.8,Pinus palustris,,smt,,f
1848,20141202,OSBS_041,23,1,3316,,,,,Pinus palustris,,smt,,g
1849,20141202,OSBS_041,23,3,3317,,,,,Quercus laevis,,smt,,a
1850,20141202,OSBS_041,23,3,3318,,,,,Pinus palustris,,smt,,b
1851,20141202,OSBS_041,23,3,3319,,,,,Quercus laevis,,sms,,c
1852,20141202,OSBS_041,23,3,3320,,,,,Quercus laevis,,sms,NTEF,d
1853,20141202,OSBS_041,23,3,3308,,,,,Quercus laevis,,smt,,e
1854,20141202,OSBS_041,23,2,3310,,,,,Quercus laevis,,sms,,f
1855,20141202,OSBS_041,23,2,3315,,,,,Quercus laevis,,sms,,g
1856,20141202,OSBS_041,23,2,3314,,,,,Quercus laevis,,sms,,a
1857,20141202,OSBS_041,23,2,3322,,,,,Quercus laevis,,sms,,b
1858,20141202,OSBS_041,23,2,3312,,,,,Quercus laevis,,sms,,c
1859,20141202,OSBS_041,23,2,3313,,,,,Quercus laevis,,sap,,d
1860,20141202,OSBS_041,23,2,3311,,,,,Quercus laevis,,sms,,e
1861,20141202,OSBS_041,23,4,3306,,,,,Quercus laevis,,sms,,f
1862,20141202,OSBS_041,23,4,3305,,,,,Quercus laevis,,sms,NTEF,g
1863,20141202,OSBS_041,23,4,3307,,,,,Quercus laevis,,smt,NTEF,a
1864,20141202,OSBS_041,23,4,3304,,,,,Quercus laevis,,smt,,b
1865,20141202,OSBS_041,23,4,3303,,,,,Quercus laevis,,sms,,c
1866,20141202,OSBS_041,23,4,3302,,,,,Quercus laevis,,sms,,d
1867,20141202,OSBS_041,23,4,3301,,,,,Quercus laevis,,sms,,e
1868,20141202,OSBS_041,23,4,3309,,,,,Quercus laevis,,sms,,f
1869,20141202,OSBS_041,41,2,3298,,,,,Quercus laevis,,sap,,g
1870,20141202,OSBS_041,41,2,3300,,,,,Quercus laevis,,smt,,a
1871,20141202,OSBS_041,41,2,3299,,,,,Quercus laevis,,sms,,b
1872,20141202,OSBS_041,41,2,3297,,,,,Quercus laevis,,sms,,c
1873,20141202,OSBS_041,41,1,3285,,,,,Quercus laevis,,sms,NTEF,d
1874,20141202,OSBS_041,41,1,3284,,,,,Quercus laevis,,smt,,e
1875,20141202,OSBS_041,41,1,3286,,,,,Quercus laevis,,sms,,f
1876,20141202,OSBS_041,41,3,3287,,,,,Quercus laevis,,sms,,g
1877,20141202,OSBS_041,41,3,3288,,,,,Pinus palustris,,sap,,a
1878,20141202,OSBS_041,41,3,3289,,,,,Quercus laevis,,sms,,b
1879,20141202,OSBS_041,41,4,3291,,,,,Pinus palustris,,sap,,c
1880,20141202,OSBS_041,41,4,3290,,,,,Quercus laevis,,sms,NTEF,d
1881,20141202,OSBS_041,41,4,3292,,,,,Pinus palustris,,smt,,e
1882,20141202,OSBS_041,41,4,3293,,,,,Quercus laevis,,sms,,f
1883,20141202,OSBS_041,41,4,3294,,,,,Quercus laevis,,sms,NTEF,g
1884,20141202,OSBS_041,41,4,3296,,,,,Quercus laevis,,sms,,a
1885,20141202,OSBS_041,41,4,3295,,,,,Quercus laevis,,sms,NTEF,b
