country,stateProvince,county,domainName,domainID,siteName,siteID,plotType,subtype,subtypeSpecification,plotID,plotSize,plotDimensions,referencePointPosition,decimalLatitude,decimalLongitude,geodeticDatum,utmZone,easting,northing,coordinateUncertainty,elevation,elevationUncertainty,minimumElevation,maximumElevation,slopeGradient,slopeAspect,nlcdClass,soilTypeOrder,inclusionProbability,coordinateSource,recordedDate,filteredPositions,plotPdop,plotHdop,applicableModules
unitedStates,CO,Weld,Central Plains,D10,Central Plains Experimental Range,CPER,distributed,basePlot,,CPER_001,1600,40m x 40m,41,40.85086566,-104.6995346,WGS84,13N,525326.49,4522245.387,0.1,1637.886,0.1,,,,,grasslandHerbaceous,,,Trimble GEOXH 6000,,,,,bet|bgc|div|hbp|sme
unitedStates,CO,Weld,Central Plains,D10,Central Plains Experimental Range,CPER,distributed,mammalGrid,diversity,CPER_002,8100,90m x 90m,E5,40.81045921,-104.7308665,WGS84,13N,522699.266,4517751.426,0.1,1649.728,0.1,,,,,grasslandHerbaceous,,,Trimble GEOXH 6000,,,,,mam
unitedStates,CO,Weld,Central Plains,D10,Central Plains Experimental Range,CPER,distributed,basePlot,,CPER_002,1600,40m x 40m,41,40.81093415,-104.7292479,WGS84,13N,522835.623,4517804.567,0.1,1651.112,0.1,,,,,grasslandHerbaceous,,,Trimble GEOXH 6000,,,,,bet|bgc|div|hbp|sme
unitedStates,CO,Weld,Central Plains,D10,Central Plains Experimental Range,CPER,distributed,basePlot,,CPER_003,1600,40m x 40m,41,40.81845086,-104.7071638,WGS84,13N,524695.442,4518644.956,0.1,1623.792,0.1,,,,,grasslandHerbaceous,,,Trimble GEOXH 6000,,,,,bet|bgc|div|hbp|sme
unitedStates,CO,Weld,Central Plains,D10,Central Plains Experimental Range,CPER,distributed,basePlot,,CPER_004,1600,40m x 40m,41,40.81274962,-104.6968728,WGS84,13N,525565.491,4518015.033,0.1,1622.731,0.1,,,,,grasslandHerbaceous,,,Trimble GEOXH 6000,,,,,bet|bgc|div|hbp|sme
unitedStates,CO,Weld,Central Plains,D10,Central Plains Experimental Range,CPER,distributed,mammalGrid,diversity,CPER_004,8100,90m x 90m,E5,40.81309075,-104.6985364,WGS84,13N,525425.055,4518052.417,0.1,1622.063,0.1,,,,,grasslandHerbaceous,,,Trimble GEOXH 6000,,,,,mam
unitedStates,CO,Weld,Central Plains,D10,Central Plains Experimental Range,CPER,distributed,basePlot,,CPER_005,1600,40m x 40m,41,40.85309321,-104.7280063,WGS84,13N,522925.817,4522484.818,0.1,1664.432,0.1,,,,,grasslandHerbaceous,,,Trimble GEOXH 6000,,,,,bet|bgc|div|hbp|sme
unitedStates,CO,Weld,Central Plains,D10,Central Plains Experimental Range,CPER,distributed,mammalGrid,diversity,CPER_005,8100,90m x 90m,E5,40.85410904,-104.7269161,WGS84,13N,523017.355,4522597.868,0.1,1664.734,0.1,,,,,grasslandHerbaceous,,,Trimble GEOXH 6000,,,,,mam
unitedStates,CO,Weld,Central Plains,D10,Central Plains Experimental Range,CPER,distributed,mammalGrid,diversity,CPER_006,8100,90m x 90m,E5,40.81358132,-104.7487513,WGS84,13N,521189.837,4518093.522,0.1,1650.221,0.1,,,,,grasslandHerbaceous,,,Trimble GEOXH 6000,,,,,mam
unitedStates,CO,Weld,Central Plains,D10,Central Plains Experimental Range,CPER,distributed,basePlot,,CPER_006,1600,40m x 40m,41,40.81476856,-104.7480781,WGS84,13N,521246.235,4518225.476,0.1,1649.946,0.1,,,,,grasslandHerbaceous,,,Trimble GEOXH 6000,,,,,bet|bgc|div|hbp|sme
unitedStates,CO,Weld,Central Plains,D10,Central Plains Experimental Range,CPER,distributed,basePlot,,CPER_007,1600,40m x 40m,41,40.86191485,-104.6838323,WGS84,13N,526645.625,4523476.583,0.1,1646.676,0.1,,,,,grasslandHerbaceous,,,Trimble GEOXH 6000,,,,,bet|bgc|div|hbp|sme
unitedStates,CO,Weld,Central Plains,D10,Central Plains Experimental Range,CPER,distributed,mammalGrid,diversity,CPER_008,8100,90m x 90m,E5,40.7987814,-104.747491,WGS84,13N,521300.857,4516450.949,0.1,1643.952,0.1,,,,,grasslandHerbaceous,,,Trimble GEOXH 6000,,,,,mam
unitedStates,CO,Weld,Central Plains,D10,Central Plains Experimental Range,CPER,distributed,basePlot,,CPER_008,1600,40m x 40m,41,40.79882189,-104.7492117,WGS84,13N,521155.6933,4516455.027,0.1,1644.758,0.1,,,,,grasslandHerbaceous,,,Trimble GEOXH 6000,,,,,bet|bgc|div|hbp|sme
unitedStates,CO,Weld,Central Plains,D10,Central Plains Experimental Range,CPER,distributed,mammalGrid,diversity,CPER_009,8100,90m x 90m,E5,40.82538986,-104.7473377,WGS84,13N,521305.274,4519404.685,0.1,1647.514,0.1,,,,,grasslandHerbaceous,,,Trimble GEOXH 6000,,,,,mam
unitedStates,CO,Weld,Central Plains,D10,Central Plains Experimental Range,CPER,distributed,basePlot,,CPER_009,1600,40m x 40m,41,40.82612028,-104.7459029,WGS84,13N,521426.027,4519486.116,0.1,1656.613,0.1,,,,,grasslandHerbaceous,,,Trimble GEOXH 6000,,,,,bet|div|bgc|hbp|sme
unitedStates,CO,Weld,Central Plains,D10,Central Plains Experimental Range,CPER,distributed,basePlot,,CPER_010,1600,40m x 40m,41,40.85000956,-104.6813983,WGS84,13N,526855.557,4522155.756,0.1,1646.236,0.1,,,,,grasslandHerbaceous,,,Trimble GEOXH 6000,,,,,bet|div|bgc|hbp|sme
unitedStates,CO,Weld,Central Plains,D10,Central Plains Experimental Range,CPER,distributed,basePlot,,CPER_011,1600,40m x 40m,41,40.86628604,-104.703366,WGS84,13N,524997.735,4523956.056,0.1,1649.664,0.1,,,,,grasslandHerbaceous,,,Trimble GEOXH 6000,,,,,div|bgc|hbp|sme
unitedStates,CO,Weld,Central Plains,D10,Central Plains Experimental Range,CPER,distributed,mammalGrid,diversity,CPER_011,8100,90m x 90m,E5,40.86758044,-104.7036352,WGS84,13N,524974.57,4524099.666,0.1,1647.126,0.1,,,,,grasslandHerbaceous,,,Trimble GEOXH 6000,,,,,mam
unitedStates,CO,Weld,Central Plains,D10,Central Plains Experimental Range,CPER,distributed,basePlot,,CPER_012,1600,40m x 40m,41,40.80212634,-104.7712513,WGS84,13N,519295.5406,4516816.756,0.1,1644.582,0.1,,,,,grasslandHerbaceous,,,Trimble GEOXH 6000,,,,,div|hbp|bgc|sme
unitedStates,CO,Weld,Central Plains,D10,Central Plains Experimental Range,CPER,distributed,basePlot,,CPER_013,1600,40m x 40m,41,40.82197908,-104.7128397,WGS84,13N,524215.497,4519035.026,0.1,1623.58,0.1,,,,,grasslandHerbaceous,,,Trimble GEOXH 6000,,,,,div|hbp|bgc|sme
unitedStates,CO,Weld,Central Plains,D10,Central Plains Experimental Range,CPER,distributed,basePlot,,CPER_014,1600,40m x 40m,41,40.80790495,-104.697947,WGS84,13N,525476.749,4517476.932,0.1,1611.835,0.1,,,,,grasslandHerbaceous,,,Trimble GEOXH 6000,,,,,div|hbp|bgc|sme
unitedStates,CO,Weld,Central Plains,D10,Central Plains Experimental Range,CPER,distributed,basePlot,,CPER_015,1600,40m x 40m,41,40.85313257,-104.7447364,WGS84,13N,521515.651,4522484.943,0.1,1670.488,0.1,,,,,grasslandHerbaceous,,,Trimble GEOXH 6000,,,,,div|hbp|bgc|sme
unitedStates,CO,Weld,Central Plains,D10,Central Plains Experimental Range,CPER,distributed,mammalGrid,diversity,CPER_015,8100,90m x 90m,E5,40.85317365,-104.7430096,WGS84,13N,521661.184,4522489.928,0.1,1662.323,0.1,,,,,grasslandHerbaceous,,,Trimble GEOXH 6000,,,,,mam
unitedStates,CO,Weld,Central Plains,D10,Central Plains Experimental Range,CPER,distributed,mammalGrid,diversity,CPER_016,8100,90m x 90m,E5,40.80331472,-104.757038,WGS84,13N,520494.109,4516951.899,0.1,1638.96,0.1,,,,,grasslandHerbaceous,,,Trimble GEOXH 6000,,,,,mam
unitedStates,CO,Weld,Central Plains,D10,Central Plains Experimental Range,CPER,distributed,basePlot,,CPER_016,1600,40m x 40m,41,40.80450057,-104.7563065,WGS84,13N,520555.4459,4517083.706,0.1,1640.247,0.1,,,,,grasslandHerbaceous,,,Trimble GEOXH 6000,,,,,div|hbp|bgc|sme
unitedStates,CO,Weld,Central Plains,D10,Central Plains Experimental Range,CPER,distributed,basePlot,,CPER_017,1600,40m x 40m,41,40.85626108,-104.6916913,WGS84,13N,525985.504,4522846.613,0.1,1640.416,0.1,,,,,grasslandHerbaceous,,,Trimble GEOXH 6000,,,,,div|hbp|bgc|sme
unitedStates,CO,Weld,Central Plains,D10,Central Plains Experimental Range,CPER,distributed,basePlot,,CPER_018,1600,40m x 40m,41,40.82571547,-104.6950467,WGS84,13N,525714.499,4519454.857,0.1,1627.719,0.1,,,,,grasslandHerbaceous,,,Trimble GEOXH 6000,,,,,div|hbp|bgc|sme
unitedStates,CO,Weld,Central Plains,D10,Central Plains Experimental Range,CPER,distributed,basePlot,,CPER_019,1600,40m x 40m,41,40.82481863,-104.7857588,WGS84,13N,518065.642,4519332.645,0.1,1665.96,0.1,,,,,grasslandHerbaceous,,,Trimble GEOXH 6000,,,,,div|hbp|bgc|sme
unitedStates,CO,Weld,Central Plains,D10,Central Plains Experimental Range,CPER,distributed,basePlot,,CPER_020,1600,40m x 40m,41,40.78574559,-104.7076569,WGS84,13N,524665.9636,4515014.339,0.1,1604.335,0.1,,,,,grasslandHerbaceous,,,Trimble GEOXH 6000,,,,,div|hbp|bgc|sme
unitedStates,CO,Weld,Central Plains,D10,Central Plains Experimental Range,CPER,distributed,basePlot,,CPER_021,1600,40m x 40m,41,40.84798542,-104.7422818,WGS84,13N,521724.229,4521914.18,0.1,1669.885,0.1,,,,,grasslandHerbaceous,,,Trimble GEOXH 6000,,,,,div|hbp|bgc|sme
unitedStates,CO,Weld,Central Plains,D10,Central Plains Experimental Range,CPER,distributed,basePlot,,CPER_022,1600,40m x 40m,41,40.84248633,-104.6981793,WGS84,13N,525443.929,4521315.618,0.1,1642.865,0.1,,,,,grasslandHerbaceous,,,Trimble GEOXH 6000,,,,,div|hbp|bgc|sme
unitedStates,CO,Weld,Central Plains,D10,Central Plains Experimental Range,CPER,distributed,basePlot,,CPER_023,1600,40m x 40m,41,40.80096176,-104.7417425,WGS84,13N,521785.0715,4516694.394,0.1,1649.571,0.1,,,,,grasslandHerbaceous,,,Trimble GEOXH 6000,,,,,div|hbp|bgc|sme
unitedStates,CO,Weld,Central Plains,D10,Central Plains Experimental Range,CPER,distributed,basePlot,,CPER_024,1600,40m x 40m,41,40.83224268,-104.7127958,WGS84,13N,524215.465,4520174.363,0.1,1635.33,0.1,,,,,grasslandHerbaceous,,,Trimble GEOXH 6000,,,,,div|hbp|bgc|sme
unitedStates,CO,Weld,Central Plains,D10,Central Plains Experimental Range,CPER,distributed,basePlot,,CPER_025,1600,40m x 40m,41,40.81327694,-104.6883364,WGS84,13N,526285.238,4518076.093,0.1,1613.652,0.1,,,,,grasslandHerbaceous,,,Trimble GEOXH 6000,,,,,div|hbp|bgc|sme
unitedStates,CO,Weld,Central Plains,D10,Central Plains Experimental Range,CPER,distributed,basePlot,,CPER_026,1600,40m x 40m,41,40.80882917,-104.7587762,WGS84,13N,520345.8,4517563.63,0.1,1636.485,0.1,,,,,grasslandHerbaceous,,,Trimble GEOXH 6000,,,,,div|hbp|bgc|sme
unitedStates,CO,Weld,Central Plains,D10,Central Plains Experimental Range,CPER,distributed,basePlot,,CPER_027,1600,40m x 40m,41,40.81007091,-104.7032748,WGS84,13N,525026.561,4517715.832,0.1,1613.131,0.1,,,,,grasslandHerbaceous,,,Trimble GEOXH 6000,,,,,div|hbp|bgc|sme
unitedStates,CO,Weld,Central Plains,D10,Central Plains Experimental Range,CPER,distributed,basePlot,,CPER_028,1600,40m x 40m,41,40.79316309,-104.75919,WGS84,13N,520315.68,4515824.508,0.1,1624.651,0.1,,,,,grasslandHerbaceous,,,Trimble GEOXH 6000,,,,,div|hbp|bgc|sme
unitedStates,CO,Weld,Central Plains,D10,Central Plains Experimental Range,CPER,distributed,basePlot,,CPER_029,1600,40m x 40m,41,40.8261427,-104.7708123,WGS84,13N,519325.607,4519482.814,0.1,1655.44,0.1,,,,,grasslandHerbaceous,,,Trimble GEOXH 6000,,,,,div|hbp|bgc|sme
unitedStates,CO,Weld,Central Plains,D10,Central Plains Experimental Range,CPER,distributed,basePlot,,CPER_030,1600,40m x 40m,41,40.79811577,-104.6844963,WGS84,13N,526615.1632,4516394.272,0.1,1602.59,0.1,,,,,grasslandHerbaceous,,,Trimble GEOXH 6000,,,,,div|hbp|bgc|sme
unitedStates,CO,Weld,Central Plains,D10,Central Plains Experimental Range,CPER,distributed,basePlot,,CPER_031,1600,40m x 40m,41,40.82709754,-104.7071287,WGS84,13N,524695.196,4519604.801,0.1,1631.253,0.1,,,,,grasslandHerbaceous,,,Trimble GEOXH 6000,,,,,div|hbp|bgc|sme
unitedStates,CO,Weld,Central Plains,D10,Central Plains Experimental Range,CPER,distributed,basePlot,,CPER_033,1600,40m x 40m,41,40.81668525,-104.7669298,WGS84,13N,519655.772,4518433.842,0.1,1647.967,0.1,,,,,grasslandHerbaceous,,,Trimble GEOXH 6000,,,,,div|hbp|bgc|sme
unitedStates,CO,Weld,Central Plains,D10,Central Plains Experimental Range,CPER,distributed,basePlot,,CPER_034,1600,40m x 40m,41,40.84979607,-104.7023932,WGS84,13N,525085.942,4522125.833,0.1,1648.443,0.1,,,,,grasslandHerbaceous,,,Trimble GEOXH 6000,,,,,div|hbp|bgc|sme
unitedStates,CO,Weld,Central Plains,D10,Central Plains Experimental Range,CPER,distributed,basePlot,,CPER_035,1600,40m x 40m,41,40.79275512,-104.7051375,WGS84,13N,524875.92,4515793.148,0.1,1619.875,0.15,,,,,grasslandHerbaceous,,,Trimble GEOXH 6000,,,,,div|hbp|bgc|sme
unitedStates,CO,Weld,Central Plains,D10,Central Plains Experimental Range,CPER,distributed,basePlot,,CPER_036,1600,40m x 40m,41,40.83687969,-104.7305649,WGS84,13N,522715.687,4520684.343,0.1,1642.591,0.1,,,,,grasslandHerbaceous,,,Trimble GEOXH 6000,,,,,div|hbp|bgc|sme
unitedStates,CO,Weld,Central Plains,D10,Central Plains Experimental Range,CPER,distributed,basePlot,,CPER_037,1600,40m x 40m,41,40.84517888,-104.6978017,WGS84,13N,525474.733,4521614.618,0.1,1641.357,0.1,,,,,grasslandHerbaceous,,,Trimble GEOXH 6000,,,,,div|hbp|bgc|sme
unitedStates,CO,Weld,Central Plains,D10,Central Plains Experimental Range,CPER,distributed,basePlot,,CPER_038,1600,40m x 40m,41,40.81013025,-104.7281695,WGS84,13N,522926.855,4517715.611,0.1,1648.065,0.1,,,,,grasslandHerbaceous,,,Trimble GEOXH 6000,,,,,div|hbp|bgc|sme
unitedStates,CO,Weld,Central Plains,D10,Central Plains Experimental Range,CPER,distributed,basePlot,,CPER_039,1600,40m x 40m,41,40.82384451,-104.7028468,WGS84,13N,525057.47,4519244.909,0.1,1629.467,0.1,,,,,grasslandHerbaceous,,,Trimble GEOXH 6000,,,,,div|hbp|bgc|sme
unitedStates,CO,Weld,Central Plains,D10,Central Plains Experimental Range,CPER,distributed,basePlot,,CPER_040,1600,40m x 40m,41,40.81567634,-104.688673,WGS84,13N,526255.902,4518342.341,0.1,1617.008,0.1,,,,,grasslandHerbaceous,,,Trimble GEOXH 6000,,,,,div|hbp|bgc|sme
unitedStates,CO,Weld,Central Plains,D10,Central Plains Experimental Range,CPER,distributed,basePlot,,CPER_041,1600,40m x 40m,41,40.85877028,-104.7322654,WGS84,13N,522564.895,4523113.906,0.1,1670.653,0.1,,,,,grasslandHerbaceous,,,Trimble GEOXH 6000,,,,,div|hbp|bgc|sme
unitedStates,CO,Weld,Central Plains,D10,Central Plains Experimental Range,CPER,tower,basePlot,,CPER_045,400,20m x 20m,41,40.81729207,-104.7502878,WGS84,13N,521059.078,4518505.067,0.1,1651.948,0.1,,,,,,,,Trimble GEOXH 6000,,,,,hbp|bgc|sme|div
unitedStates,CO,Weld,Central Plains,D10,Central Plains Experimental Range,CPER,tower,basePlot,,CPER_046,400,20m x 20m,41,40.81729692,-104.7470963,WGS84,13N,521328.225,4518506.378,0.1,1652.096,0.1,,,,,,,,Trimble GEOXH 6000,,,,,hbp|bgc|sme|div
unitedStates,CO,Weld,Central Plains,D10,Central Plains Experimental Range,CPER,tower,basePlot,,CPER_047,400,20m x 20m,41,40.81837055,-104.7467153,WGS84,13N,521360.01,4518625.649,0.1,1649.274,0.1,,,,,,,,Trimble GEOXH 6000,,,,,hbp|bgc|sme|div
unitedStates,CO,Weld,Central Plains,D10,Central Plains Experimental Range,CPER,tower,basePlot,,CPER_048,400,20m x 20m,41,40.81893122,-104.7488584,WGS84,13N,521179.095,4518687.368,0.1,1652.077,0.1,,,,,,,,Trimble GEOXH 6000,,,,,hbp|bgc|sme|div
unitedStates,CO,Weld,Central Plains,D10,Central Plains Experimental Range,CPER,tower,basePlot,,CPER_049,400,20m x 20m,41,40.81727216,-104.7445804,WGS84,13N,521540.409,4518504.244,0.1,1654.332,0.1,,,,,,,,Trimble GEOXH 6000,,,,,hbp|bgc|sme|div
unitedStates,CO,Weld,Central Plains,D10,Central Plains Experimental Range,CPER,tower,basePlot,,CPER_050,400,20m x 20m,41,40.81864486,-104.7445772,WGS84,13N,521540.231,4518656.623,0.1,1645.375,0.1,,,,,,,,Trimble GEOXH 6000,,,,,hbp|bgc|sme|div
unitedStates,CO,Weld,Central Plains,D10,Central Plains Experimental Range,CPER,tower,basePlot,,CPER_051,400,20m x 20m,41,40.8181057,-104.748495,WGS84,13N,521210.007,4518595.817,0.1,1651.423,0.17,,,,,,,,Trimble GEOXH 6000,,,,,hbp|bgc|sme|div
unitedStates,CO,Weld,Central Plains,D10,Central Plains Experimental Range,CPER,tower,basePlot,,CPER_052,400,20m x 20m,41,40.81727605,-104.7456432,WGS84,13N,521450.771,4518504.416,0.1,1653.801,0.1,,,,,,,,Trimble GEOXH 6000,,,,,hbp|bgc|sme|div
unitedStates,CO,Weld,Central Plains,D10,Central Plains Experimental Range,CPER,tower,basePlot,,CPER_053,400,20m x 20m,41,40.81784179,-104.7499187,WGS84,13N,521090.026,4518566.178,0.1,1651.543,0.1,,,,,,,,Trimble GEOXH 6000,,,,,hbp|bgc|sme|div
unitedStates,CO,Weld,Central Plains,D10,Central Plains Experimental Range,CPER,tower,basePlot,,CPER_054,400,20m x 20m,41,40.81889782,-104.7481275,WGS84,13N,521240.747,4518683.837,0.1,1651.819,0.1,,,,,,,,Trimble GEOXH 6000,,,,,hbp|bgc|sme|div
unitedStates,CO,Weld,Central Plains,D10,Central Plains Experimental Range,CPER,tower,basePlot,,CPER_055,400,20m x 20m,41,40.81918472,-104.745645,WGS84,13N,521450.008,4518716.289,0.1,1645.23,0.1,,,,,,,,Trimble GEOXH 6000,,,,,hbp|bgc|sme|div
unitedStates,CO,Weld,Central Plains,D10,Central Plains Experimental Range,CPER,tower,basePlot,,CPER_056,400,20m x 20m,41,40.81675582,-104.7481614,WGS84,13N,521238.572,4518446.054,0.1,1652.048,0.1,,,,,,,,Trimble GEOXH 6000,,,,,hbp|bgc|sme|div
unitedStates,CO,Weld,Central Plains,D10,Central Plains Experimental Range,CPER,tower,basePlot,,CPER_057,400,20m x 20m,41,40.81782153,-104.7449299,WGS84,13N,521510.753,4518565.142,0.1,1650.253,0.1,,,,,,,,Trimble GEOXH 6000,,,,,hbp|bgc|sme|div
unitedStates,CO,Weld,Central Plains,D10,Central Plains Experimental Range,CPER,tower,basePlot,,CPER_058,400,20m x 20m,41,40.82027101,-104.745646,WGS84,13N,521449.574,4518836.874,0.1,1647.012,0.1,,,,,,,,Trimble GEOXH 6000,,,,,hbp|bgc|sme|div
unitedStates,CO,Weld,Central Plains,D10,Central Plains Experimental Range,CPER,tower,basePlot,,CPER_059,400,20m x 20m,41,40.81755435,-104.7488548,WGS84,13N,521179.841,4518534.527,0.1,1651.298,0.1,,,,,,,,Trimble GEOXH 6000,,,,,hbp|bgc|sme|div
unitedStates,CO,Weld,Central Plains,D10,Central Plains Experimental Range,CPER,tower,basePlot,,CPER_060,400,20m x 20m,41,40.81727329,-104.7463581,WGS84,13N,521390.483,4518503.935,0.1,1653.041,0.1,,,,,,,,Trimble GEOXH 6000,,,,,hbp|bgc|sme|div
unitedStates,CO,Weld,Central Plains,D10,Central Plains Experimental Range,CPER,tower,basePlot,,CPER_061,400,20m x 20m,41,40.81812096,-104.7506477,WGS84,13N,521028.457,4518596.993,0.1,1652.775,0.1,,,,,,,,Trimble GEOXH 6000,,,,,hbp|bgc|sme|div
unitedStates,CO,Weld,Central Plains,D10,Central Plains Experimental Range,CPER,tower,basePlot,,CPER_062,400,20m x 20m,41,40.8172669,-104.7477856,WGS84,13N,521270.101,4518502.878,0.1,1651.743,0.1,,,,,,,,Trimble GEOXH 6000,,,,,hbp|bgc|sme|div
unitedStates,CO,Weld,Central Plains,D10,Central Plains Experimental Range,CPER,tower,basePlot,,CPER_063,400,20m x 20m,41,40.81836864,-104.7478022,WGS84,13N,521268.352,4518625.173,0.1,1651.198,0.1,,,,,,,,Trimble GEOXH 6000,,,,,hbp|bgc|sme|div
unitedStates,CO,Weld,Central Plains,D10,Central Plains Experimental Range,CPER,tower,basePlot,,CPER_064,400,20m x 20m,41,40.81835844,-104.7459936,WGS84,13N,521420.873,4518624.482,0.1,1648.459,0.1,,,,,,,,Trimble GEOXH 6000,,,,,hbp|bgc|sme|div
unitedStates,CO,Weld,Central Plains,D10,Central Plains Experimental Range,CPER,tower,basePlot,,CPER_065,400,20m x 20m,41,40.81836215,-104.7438637,WGS84,13N,521600.493,4518625.416,0.1,1645.561,0.1,,,,,,,,Trimble GEOXH 6000,,,,,hbp|bgc|sme|div
unitedStates,CO,Weld,Central Plains,D10,Central Plains Experimental Range,CPER,tower,basePlot,,CPER_066,400,20m x 20m,41,40.81675119,-104.7495757,WGS84,13N,521119.3,4518445.198,0.1,1651.165,0.1,,,,,,,,Trimble GEOXH 6000,,,,,hbp|bgc|sme|div
unitedStates,CO,Weld,Central Plains,D10,Central Plains Experimental Range,CPER,tower,basePlot,,CPER_067,400,20m x 20m,41,40.81864599,-104.7452947,WGS84,13N,521479.723,4518656.573,0.1,1645.473,0.1,,,,,,,,Trimble GEOXH 6000,,,,,hbp|bgc|sme|div
unitedStates,CO,Weld,Central Plains,D10,Central Plains Experimental Range,CPER,tower,basePlot,,CPER_068,400,20m x 20m,41,40.81972249,-104.7449353,WGS84,13N,521509.683,4518776.158,0.1,1645.06,0.1,,,,,,,,Trimble GEOXH 6000,,,,,hbp|bgc|sme|div
unitedStates,CO,Weld,Central Plains,D10,Central Plains Experimental Range,CPER,tower,basePlot,,CPER_069,400,20m x 20m,41,40.81864417,-104.7495811,WGS84,13N,521118.246,4518655.329,0.1,1652.78,0.1,,,,,,,,Trimble GEOXH 6000,,,,,hbp|bgc|sme|div
unitedStates,CO,Weld,Central Plains,D10,Central Plains Experimental Range,CPER,tower,basePlot,,CPER_070,400,20m x 20m,41,40.81781536,-104.7442241,WGS84,13N,521570.278,4518564.631,0.1,1648.388,0.1,,,,,,,,Trimble GEOXH 6000,,,,,hbp|bgc|sme|div
unitedStates,CO,Weld,Central Plains,D10,Central Plains Experimental Range,CPER,tower,basePlot,,CPER_071,400,20m x 20m,41,40.81972824,-104.7456398,WGS84,13N,521450.27,4518776.624,0.1,1645.172,0.1,,,,,,,,Trimble GEOXH 6000,,,,,hbp|bgc|sme|div
unitedStates,CO,Weld,Central Plains,D10,Central Plains Experimental Range,CPER,tower,basePlot,,CPER_072,400,20m x 20m,41,40.81782066,-104.7467153,WGS84,13N,521360.189,4518564.608,0.1,1654.082,0.1,,,,,,,,Trimble GEOXH 6000,,,,,hbp|bgc|sme|div
unitedStates,CO,Weld,Central Plains,D10,Central Plains Experimental Range,CPER,tower,basePlot,,CPER_073,400,20m x 20m,41,40.81918815,-104.7445846,WGS84,13N,521539.432,4518716.93,0.1,1644.416,0.1,,,,,,,,Trimble GEOXH 6000,,,,,hbp|bgc|sme|div
unitedStates,CO,Weld,Central Plains,D10,Central Plains Experimental Range,CPER,tower,basePlot,,CPER_074,400,20m x 20m,41,40.82000061,-104.7467107,WGS84,13N,521359.875,4518806.597,0.1,1646.125,0.1,,,,,,,,Trimble GEOXH 6000,,,,,bgc|sme|hbp|div
unitedStates,CO,Weld,Central Plains,D10,Central Plains Experimental Range,CPER,tower,phenology,primary,CPER_077,40000,200m x 200m,C,40.81781411,-104.7453019,WGS84,13N,521479.3834,4518564.227,,,,,,,,,,,,,,,,phe
unitedStates,FL,Osceola,Southeast,D03,Disney Wilderness Preserve,DSNY,distributed,basePlot,,DSNY_001,1600,40m x 40m,41,28.0967004,-81.41857854,WGS84,17N,458880.895,3107985.184,0.1,19.017,0.1,,,,,woodyWetlands,,,Trimble GEOXH 6000,,,,,bet|bgc|sme|div|hbp
unitedStates,FL,Osceola,Southeast,D03,Disney Wilderness Preserve,DSNY,distributed,mammalGrid,diversity,DSNY_001,8100,90m x 90m,E5,28.09720413,-81.41717467,WGS84,17N,459018.997,3108040.512,0.1,19.421,0.1,,,,,woodyWetlands,,,Trimble GEOXH 6000,,,,,mam
unitedStates,FL,Osceola,Southeast,D03,Disney Wilderness Preserve,DSNY,distributed,mammalGrid,diversity,DSNY_002,8100,90m x 90m,E5,28.04694532,-81.41734391,WGS84,17N,458983.287,3102473.002,0.1,16.31,0.1,,,,,woodyWetlands,,,Trimble GEOXH 6000,,,,,mam
unitedStates,FL,Osceola,Southeast,D03,Disney Wilderness Preserve,DSNY,distributed,basePlot,,DSNY_002,1600,40m x 40m,41,28.04824432,-81.41687897,WGS84,17N,459029.474,3102616.746,0.1,15.985,0.1,,,,,woodyWetlands,,,Trimble GEOXH 6000,,,,,bet|bgc|sme|div|hbp
unitedStates,FL,Osceola,Southeast,D03,Disney Wilderness Preserve,DSNY,distributed,basePlot,,DSNY_003,1600,40m x 40m,41,28.07420932,-81.42553236,WGS84,17N,458189.067,3105496.031,0.1,17.198,0.1,,,,,woodyWetlands,,,Trimble GEOXH 6000,,,,,bet|bgc|sme|div|hbp
unitedStates,FL,Osceola,Southeast,D03,Disney Wilderness Preserve,DSNY,distributed,basePlot,,DSNY_004,1600,40m x 40m,41,28.09973222,-81.39997385,WGS84,17N,460709.65,3108314.895,0.1,17.178,0.1,,,,,woodyWetlands,,,Trimble GEOXH 6000,,,,,bet|bgc|sme|div|hbp
unitedStates,FL,Osceola,Southeast,D03,Disney Wilderness Preserve,DSNY,distributed,mammalGrid,diversity,DSNY_004,8100,90m x 90m,E5,28.09948118,-81.40147462,WGS84,17N,460562.132,3108287.571,0.1,19.176,0.1,,,,,woodyWetlands,,,Trimble GEOXH 6000,,,,,mam
unitedStates,FL,Osceola,Southeast,D03,Disney Wilderness Preserve,DSNY,distributed,basePlot,,DSNY_005,1600,40m x 40m,41,28.03964073,-81.39332278,WGS84,17N,461341.503,3101655.966,0.1,17.775,0.1,,,,,woodyWetlands,,,Trimble GEOXH 6000,,,,,bet|bgc|sme|div|hbp
unitedStates,FL,Osceola,Southeast,D03,Disney Wilderness Preserve,DSNY,distributed,mammalGrid,diversity,DSNY_005,8100,90m x 90m,E5,28.03912688,-81.39190208,WGS84,17N,461480.957,3101598.594,0.1,17.948,0.1,,,,,woodyWetlands,,,Trimble GEOXH 6000,,,,,mam
unitedStates,FL,Osceola,Southeast,D03,Disney Wilderness Preserve,DSNY,distributed,basePlot,,DSNY_006,1600,40m x 40m,41,28.09296876,-81.39933247,WGS84,17N,460770.195,3107565.443,0.1,19.002,0.1,,,,,woodyWetlands,,,Trimble GEOXH 6000,,,,,bet|bgc|sme|div|hbp
unitedStates,FL,Osceola,Southeast,D03,Disney Wilderness Preserve,DSNY,distributed,mammalGrid,diversity,DSNY_006,8100,90m x 90m,E5,28.09291466,-81.4008514,WGS84,17N,460620.957,3107559.941,0.1,19.072,0.1,,,,,woodyWetlands,,,Trimble GEOXH 6000,,,,,mam
unitedStates,FL,Osceola,Southeast,D03,Disney Wilderness Preserve,DSNY,distributed,basePlot,,DSNY_007,1600,40m x 40m,41,28.05311434,-81.41750747,WGS84,17N,458969.554,3103156.446,0.1,16.1,0.1,,,,,woodyWetlands,,,Trimble GEOXH 6000,,,,,bet|bgc|sme|div|hbp
unitedStates,FL,Osceola,Southeast,D03,Disney Wilderness Preserve,DSNY,distributed,mammalGrid,diversity,DSNY_007,8100,90m x 90m,E5,28.05446658,-81.41729456,WGS84,17N,458990.991,3103306.173,0.1,16.348,0.1,,,,,woodyWetlands,,,Trimble GEOXH 6000,,,,,mam
unitedStates,FL,Osceola,Southeast,D03,Disney Wilderness Preserve,DSNY,distributed,basePlot,,DSNY_008,1600,40m x 40m,41,28.04666157,-81.40188831,WGS84,17N,460502.18,3102436.463,0.1,17.295,0.1,,,,,woodyWetlands,,,Trimble GEOXH 6000,,,,,bet|bgc|sme|div|hbp
unitedStates,FL,Osceola,Southeast,D03,Disney Wilderness Preserve,DSNY,distributed,mammalGrid,diversity,DSNY_009,8100,90m x 90m,E5,28.0722241,-81.42740723,WGS84,17N,458004.077,3105276.758,0.1,17.445,0.1,,,,,pastureHay,,,Trimble GEOXH 6000,,,,,mam
unitedStates,FL,Osceola,Southeast,D03,Disney Wilderness Preserve,DSNY,distributed,basePlot,,DSNY_009,1600,40m x 40m,41,28.07311839,-81.42855933,WGS84,17N,457891.221,3105376.224,0.1,17.341,0.1,,,,,pastureHay,,,Trimble GEOXH 6000,,,,,bet|bgc|sme|div|hbp
unitedStates,FL,Osceola,Southeast,D03,Disney Wilderness Preserve,DSNY,distributed,basePlot,,DSNY_010,1600,40m x 40m,41,28.11859028,-81.43516074,WGS84,17N,457260.601,3110415.83,0.1,18.335,0.1,,,,,woodyWetlands,,,Trimble GEOXH 6000,,,,,bet|bgc|sme|div|hbp
unitedStates,FL,Osceola,Southeast,D03,Disney Wilderness Preserve,DSNY,distributed,basePlot,,DSNY_011,1600,40m x 40m,41,28.07079772,-81.38397387,WGS84,17N,462271.265,3105104.527,0.24,18.498,0.63,,,,,woodyWetlands,,,Trimble GEOXH 6000,,,,,bet|bgc|sme|div|hbp
unitedStates,FL,Osceola,Southeast,D03,Disney Wilderness Preserve,DSNY,distributed,basePlot,,DSNY_012,1600,40m x 40m,41,28.10298381,-81.40639851,WGS84,17N,460079.738,3108677.192,0.1,18.558,0.1,,,,,woodyWetlands,,,Trimble GEOXH 6000,,,,,bet|bgc|sme|div|hbp
unitedStates,FL,Osceola,Southeast,D03,Disney Wilderness Preserve,DSNY,distributed,basePlot,,DSNY_013,1600,40m x 40m,41,28.11048224,-81.42595571,WGS84,17N,458161.538,3109514.431,0.1,18.314,0.1,,,,,woodyWetlands,,,Trimble GEOXH 6000,,,,,bet|bgc|sme|div|hbp
unitedStates,FL,Osceola,Southeast,D03,Disney Wilderness Preserve,DSNY,distributed,basePlot,,DSNY_014,1600,40m x 40m,41,28.06337251,-81.42851757,WGS84,17N,457891.526,3104296.581,0.1,16.313,0.1,,,,,woodyWetlands,,,Trimble GEOXH 6000,,,,,bet|bgc|sme|div|hbp
unitedStates,FL,Osceola,Southeast,D03,Disney Wilderness Preserve,DSNY,distributed,basePlot,,DSNY_015,1600,40m x 40m,41,28.1118471,-81.42167985,WGS84,17N,458582.052,3109664.165,0.1,19.169,0.1,,,,,woodyWetlands,,,Trimble GEOXH 6000,,,,,bet|bgc|sme|div|hbp
unitedStates,FL,Osceola,Southeast,D03,Disney Wilderness Preserve,DSNY,distributed,basePlot,,DSNY_016,1600,40m x 40m,41,28.04394754,-81.39363803,WGS84,17N,461312.059,3102133.163,0.1,17.992,0.1,,,,,pastureHay,,,Trimble GEOXH 6000,,,,,bet|bgc|sme|div|hbp
unitedStates,FL,Osceola,Southeast,D03,Disney Wilderness Preserve,DSNY,distributed,mammalGrid,diversity,DSNY_016,8100,90m x 90m,E5,28.04523558,-81.39310106,WGS84,17N,461365.294,3102275.679,0.1,18.21,0.1,,,,,pastureHay,,,Trimble GEOXH 6000,,,,,mam
unitedStates,FL,Osceola,Southeast,D03,Disney Wilderness Preserve,DSNY,distributed,basePlot,,DSNY_017,1600,40m x 40m,41,28.05828243,-81.40287444,WGS84,17N,460409.518,3103724.113,0.1,18.435,0.1,,,,,woodyWetlands,,,Trimble GEOXH 6000,,,,,bet|bgc|sme|div|hbp
unitedStates,FL,Osceola,Southeast,D03,Disney Wilderness Preserve,DSNY,distributed,basePlot,,DSNY_018,1600,40m x 40m,41,28.06121291,-81.42637642,WGS84,17N,458101.092,3104056.607,0.1,15.859,0.14,,,,,woodyWetlands,,,Trimble GEOXH 6000,,,,,bet|bgc|sme|div|hbp
unitedStates,FL,Osceola,Southeast,D03,Disney Wilderness Preserve,DSNY,distributed,basePlot,,DSNY_019,1600,40m x 40m,41,28.07483573,-81.39467442,WGS84,17N,461221.285,3105555.211,0.1,19.013,0.1,,,,,woodyWetlands,,,Trimble GEOXH 6000,,,,,bet|bgc|sme|div|hbp
unitedStates,FL,Osceola,Southeast,D03,Disney Wilderness Preserve,DSNY,distributed,basePlot,,DSNY_020,1600,40m x 40m,41,28.09727835,-81.40789998,WGS84,17N,459930.129,3108045.645,0.1,18.951,0.1,,,,,woodyWetlands,,,Trimble GEOXH 6000,,,,,bet|bgc|sme|div|hbp
unitedStates,FL,Osceola,Southeast,D03,Disney Wilderness Preserve,DSNY,distributed,basePlot,,DSNY_021,1600,40m x 40m,41,28.05263832,-81.39337438,WGS84,17N,461341.079,3103095.822,0.1,18.131,0.1,,,,,pastureHay,,,Trimble GEOXH 6000,,,,,bet|bgc|sme|div|hbp
unitedStates,FL,Osceola,Southeast,D03,Disney Wilderness Preserve,DSNY,distributed,basePlot,,DSNY_022,1600,40m x 40m,41,28.08323424,-81.39225973,WGS84,17N,461461.541,3106484.813,0.1,18.74,0.1,,,,,woodyWetlands,,,Trimble GEOXH 6000,,,,,bet|bgc|sme|div|hbp
unitedStates,FL,Osceola,Southeast,D03,Disney Wilderness Preserve,DSNY,distributed,basePlot,,DSNY_023,1600,40m x 40m,41,28.09478122,-81.42314687,WGS84,17N,458431.381,3107774.133,0.1,17.801,0.1,,,,,woodyWetlands,,,Trimble GEOXH 6000,,,,,bet|bgc|sme|div|hbp
unitedStates,FL,Osceola,Southeast,D03,Disney Wilderness Preserve,DSNY,distributed,basePlot,,DSNY_024,1600,40m x 40m,41,28.04553054,-81.41868269,WGS84,17N,458851.172,3102316.728,0.1,15.909,0.1,,,,,woodyWetlands,,,Trimble GEOXH 6000,,,,,bet|bgc|sme|div|hbp
unitedStates,FL,Osceola,Southeast,D03,Disney Wilderness Preserve,DSNY,distributed,basePlot,,DSNY_025,1600,40m x 40m,41,28.07177576,-81.42061996,WGS84,17N,458670.811,3105224.769,0.1,18.238,0.11,,,,,pastureHay,,,Trimble GEOXH 6000,,,,,bet|bgc|sme|div|hbp
unitedStates,FL,Osceola,Southeast,D03,Disney Wilderness Preserve,DSNY,distributed,basePlot,,DSNY_026,1600,40m x 40m,41,28.11997684,-81.42355957,WGS84,17N,458400.559,3110565.408,0.2,17.307,0.77,,,,,woodyWetlands,,,Trimble GEOXH 6000,,,,,bet|bgc|sme|div|hbp
unitedStates,FL,Osceola,Southeast,D03,Disney Wilderness Preserve,DSNY,distributed,basePlot,,DSNY_027,1600,40m x 40m,41,28.09214017,-81.40513333,WGS84,17N,460200.017,3107475.538,0.1,19.056,0.1,,,,,woodyWetlands,,,Trimble GEOXH 6000,,,,,bet|bgc|sme|div|hbp
unitedStates,FL,Osceola,Southeast,D03,Disney Wilderness Preserve,DSNY,distributed,basePlot,,DSNY_028,1600,40m x 40m,41,28.10370484,-81.42959596,WGS84,17N,457801.327,3108764.897,0.1,17.792,0.1,,,,,woodyWetlands,,,Trimble GEOXH 6000,,,,,bet|bgc|sme|div|hbp
unitedStates,FL,Osceola,Southeast,D03,Disney Wilderness Preserve,DSNY,distributed,basePlot,,DSNY_029,1600,40m x 40m,41,28.11642996,-81.42752006,WGS84,17N,458010.198,3110173.85,0.1,18.486,0.1,,,,,woodyWetlands,,,Trimble GEOXH 6000,,,,,bet|bgc|sme|div|hbp
unitedStates,FL,Osceola,Southeast,D03,Disney Wilderness Preserve,DSNY,distributed,basePlot,,DSNY_030,1600,40m x 40m,41,28.11053833,-81.40672491,WGS84,17N,460050.475,3109514.177,0.1,18.187,0.1,,,,,woodyWetlands,,,Trimble GEOXH 6000,,,,,bet|bgc|sme|div|hbp
unitedStates,FL,Osceola,Southeast,D03,Disney Wilderness Preserve,DSNY,distributed,basePlot,,DSNY_031,1600,40m x 40m,41,28.10861184,-81.41831389,WGS84,17N,458911.431,3109304.625,0.1,18.924,0.1,,,,,woodyWetlands,,,Trimble GEOXH 6000,,,,,bet|bgc|sme|div|hbp
unitedStates,FL,Osceola,Southeast,D03,Disney Wilderness Preserve,DSNY,distributed,basePlot,,DSNY_032,1600,40m x 40m,41,28.05886572,-81.39309994,WGS84,17N,461370.276,3103785.589,0.1,17.994,0.1,,,,,woodyWetlands,,,Trimble GEOXH 6000,,,,,bet|bgc|sme|div|hbp
unitedStates,FL,Osceola,Southeast,D03,Disney Wilderness Preserve,DSNY,distributed,basePlot,,DSNY_033,1600,40m x 40m,41,28.07807997,-81.39866458,WGS84,17N,460830.405,3105915.878,0.1,18.391,0.1,,,,,woodyWetlands,,,Trimble GEOXH 6000,,,,,bet|bgc|sme|div|hbp
unitedStates,FL,Osceola,Southeast,D03,Disney Wilderness Preserve,DSNY,distributed,basePlot,,DSNY_034,1600,40m x 40m,41,28.06393685,-81.41844865,WGS84,17N,458881.178,3104355.657,0.1,17.805,0.1,,,,,pastureHay,,,Trimble GEOXH 6000,,,,,bet|bgc|sme|div|hbp
unitedStates,FL,Osceola,Southeast,D03,Disney Wilderness Preserve,DSNY,distributed,basePlot,,DSNY_035,1600,40m x 40m,41,28.06834742,-81.38823208,WGS84,17N,461851.99,3104834.415,0.1,18.184,0.1,,,,,woodyWetlands,,,Trimble GEOXH 6000,,,,,bet|bgc|sme|div|hbp
unitedStates,FL,Osceola,Southeast,D03,Disney Wilderness Preserve,DSNY,distributed,mammalGrid,diversity,DSNY_036,8100,90m x 90m,E5,28.05922543,-81.38500179,WGS84,17N,462166.209,3103822.896,0.1,17.921,0.1,,,,,pastureHay,,,Trimble GEOXH 6000,,,,,mam
unitedStates,FL,Osceola,Southeast,D03,Disney Wilderness Preserve,DSNY,distributed,basePlot,,DSNY_036,1600,40m x 40m,41,28.06051668,-81.38455333,WGS84,17N,462210.732,3103965.797,0.1,17.932,0.1,,,,,pastureHay,,,Trimble GEOXH 6000,,,,,bet|bgc|sme|div|hbp
unitedStates,FL,Osceola,Southeast,D03,Disney Wilderness Preserve,DSNY,distributed,basePlot,,DSNY_037,1600,40m x 40m,41,28.04479391,-81.3921233,WGS84,17N,461461.233,3102226.442,0.1,18.082,0.1,,,,,pastureHay,,,Trimble GEOXH 6000,,,,,bet|bgc|sme|div|hbp
unitedStates,FL,Osceola,Southeast,D03,Disney Wilderness Preserve,DSNY,distributed,basePlot,,DSNY_038,1600,40m x 40m,41,28.05833662,-81.38943319,WGS84,17N,461730.421,3103725.82,0.1,18.375,0.1,,,,,pastureHay,,,Trimble GEOXH 6000,,,,,bet|bgc|sme|div|hbp
unitedStates,FL,Osceola,Southeast,D03,Disney Wilderness Preserve,DSNY,distributed,basePlot,,DSNY_039,1600,40m x 40m,41,28.07231,-81.42397617,WGS84,17N,458341.24,3105285.096,0.1,17.747,0.1,,,,,pastureHay,,,Trimble GEOXH 6000,,,,,bet|bgc|sme|div|hbp
unitedStates,FL,Osceola,Southeast,D03,Disney Wilderness Preserve,DSNY,tower,basePlot,,DSNY_041,400,20m x 20m,41,28.12508234,-81.43274581,WGS84,17N,457500.347,3111134.167,0.1,18.829,0.1,,,,,,,,Trimble GEOXH 6000,,,,,hbp|bgc|sme|div
unitedStates,FL,Osceola,Southeast,D03,Disney Wilderness Preserve,DSNY,tower,basePlot,,DSNY_042,400,20m x 20m,41,28.12213246,-81.43394862,WGS84,17N,457381.051,3110807.803,0.1,18.19,0.1,,,,,,,,Trimble GEOXH 6000,,,,,hbp|bgc|sme|div
unitedStates,FL,Osceola,Southeast,D03,Disney Wilderness Preserve,DSNY,tower,basePlot,,DSNY_043,400,20m x 20m,41,28.1232002,-81.4348705,WGS84,17N,457290.934,3110926.41,0.1,18.637,0.11,,,,,,,,Trimble GEOXH 6000,,,,,hbp|bgc|sme|div
unitedStates,FL,Osceola,Southeast,D03,Disney Wilderness Preserve,DSNY,tower,basePlot,,DSNY_044,400,20m x 20m,41,28.12618926,-81.43366057,WGS84,17N,457410.945,3111257.11,0.1,18.718,0.1,,,,,,,,Trimble GEOXH 6000,,,,,hbp|bgc|sme|div
unitedStates,FL,Osceola,Southeast,D03,Disney Wilderness Preserve,DSNY,tower,basePlot,,DSNY_045,400,20m x 20m,41,28.12427014,-81.43244124,WGS84,17N,457529.938,3111044.086,0.1,18.584,0.1,,,,,,,,Trimble GEOXH 6000,,,,,hbp|bgc|sme|div
unitedStates,FL,Osceola,Southeast,D03,Disney Wilderness Preserve,DSNY,tower,basePlot,,DSNY_046,400,20m x 20m,41,28.12345899,-81.43333069,WGS84,17N,457442.264,3110954.538,0.1,18.553,0.1,,,,,,,,Trimble GEOXH 6000,,,,,hbp|bgc|sme|div
unitedStates,FL,Osceola,Southeast,D03,Disney Wilderness Preserve,DSNY,tower,basePlot,,DSNY_047,400,20m x 20m,41,28.12591335,-81.43245443,WGS84,17N,457529.291,3111226.124,0.1,18.47,0.11,,,,,,,,Trimble GEOXH 6000,,,,,hbp|bgc|sme|div
unitedStates,FL,Osceola,Southeast,D03,Disney Wilderness Preserve,DSNY,tower,basePlot,,DSNY_048,400,20m x 20m,41,28.12428379,-81.43366558,WGS84,17N,457409.7,3111046.027,0.1,18.733,0.1,,,,,,,,Trimble GEOXH 6000,,,,,hbp|bgc|sme|div
unitedStates,FL,Osceola,Southeast,D03,Disney Wilderness Preserve,DSNY,tower,basePlot,,DSNY_049,400,20m x 20m,41,28.12235786,-81.43485858,WGS84,17N,457291.771,3110833.093,0.1,18.382,0.1,,,,,,,,Trimble GEOXH 6000,,,,,hbp|bgc|sme|div
unitedStates,FL,Osceola,Southeast,D03,Disney Wilderness Preserve,DSNY,tower,basePlot,,DSNY_050,400,20m x 20m,41,28.12753018,-81.43274412,WGS84,17N,457501.478,3111405.336,0.1,18.415,0.1,,,,,,,,Trimble GEOXH 6000,,,,,hbp|bgc|sme|div
unitedStates,FL,Osceola,Southeast,D03,Disney Wilderness Preserve,DSNY,tower,basePlot,,DSNY_051,400,20m x 20m,41,28.12536553,-81.43153668,WGS84,17N,457619.207,3111165.116,0.1,18.517,0.1,,,,,,,,Trimble GEOXH 6000,,,,,hbp|bgc|sme|div
unitedStates,FL,Osceola,Southeast,D03,Disney Wilderness Preserve,DSNY,tower,basePlot,,DSNY_052,400,20m x 20m,41,28.12726066,-81.43427674,WGS84,17N,457350.855,3111376.016,0.1,18.49,0.1,,,,,,,,Trimble GEOXH 6000,,,,,hbp|bgc|sme|div
unitedStates,FL,Osceola,Southeast,D03,Disney Wilderness Preserve,DSNY,tower,basePlot,,DSNY_053,400,20m x 20m,41,28.12832956,-81.43427535,WGS84,17N,457351.415,3111494.427,0.1,18.635,0.1,,,,,,,,Trimble GEOXH 6000,,,,,hbp|bgc|sme|div
unitedStates,FL,Osceola,Southeast,D03,Disney Wilderness Preserve,DSNY,tower,basePlot,,DSNY_054,400,20m x 20m,41,28.123182,-81.43425133,WGS84,17N,457351.737,3110924.177,0.1,18.432,0.1,,,,,,,,Trimble GEOXH 6000,,,,,hbp|bgc|sme|div
unitedStates,FL,Osceola,Southeast,D03,Disney Wilderness Preserve,DSNY,tower,basePlot,,DSNY_055,400,20m x 20m,41,28.12672685,-81.43366785,WGS84,17N,457410.443,3111316.667,0.1,18.441,0.1,,,,,,,,Trimble GEOXH 6000,,,,,hbp|bgc|sme|div
unitedStates,FL,Osceola,Southeast,D03,Disney Wilderness Preserve,DSNY,tower,basePlot,,DSNY_056,400,20m x 20m,41,28.1245508,-81.43153122,WGS84,17N,457619.422,3111074.86,0.1,18.715,0.1,,,,,,,,Trimble GEOXH 6000,,,,,hbp|bgc|sme|div
unitedStates,FL,Osceola,Southeast,D03,Disney Wilderness Preserve,DSNY,tower,basePlot,,DSNY_057,400,20m x 20m,41,28.12292361,-81.43548833,WGS84,17N,457230.146,3110895.988,0.1,18.607,0.1,,,,,,,,Trimble GEOXH 6000,,,,,hbp|bgc|sme|div
unitedStates,FL,Osceola,Southeast,D03,Disney Wilderness Preserve,DSNY,tower,basePlot,,DSNY_058,400,20m x 20m,41,28.1264586,-81.43243736,WGS84,17N,457531.182,3111286.519,0.1,18.313,0.1,,,,,,,,Trimble GEOXH 6000,,,,,hbp|bgc|sme|div
unitedStates,FL,Osceola,Southeast,D03,Disney Wilderness Preserve,DSNY,tower,basePlot,,DSNY_059,400,20m x 20m,41,28.12455469,-81.43427897,WGS84,17N,457349.565,3111076.252,0.1,18.852,0.1,,,,,,,,Trimble GEOXH 6000,,,,,hbp|bgc|sme|div
unitedStates,FL,Osceola,Southeast,D03,Disney Wilderness Preserve,DSNY,tower,basePlot,,DSNY_060,400,20m x 20m,41,28.12726556,-81.43336507,WGS84,17N,457440.391,3111376.238,0.1,18.407,0.1,,,,,,,,Trimble GEOXH 6000,,,,,hbp|bgc|sme|div
unitedStates,FL,Osceola,Southeast,D03,Disney Wilderness Preserve,DSNY,tower,basePlot,,DSNY_061,400,20m x 20m,41,28.12806274,-81.43305367,WGS84,17N,457471.287,3111464.44,0.1,18.769,0.1,,,,,,,,Trimble GEOXH 6000,,,,,hbp|bgc|sme|div
unitedStates,FL,Osceola,Southeast,D03,Disney Wilderness Preserve,DSNY,tower,basePlot,,DSNY_062,400,20m x 20m,41,28.12290942,-81.43302588,WGS84,17N,457471.983,3110893.551,0.1,18.332,0.1,,,,,,,,Trimble GEOXH 6000,,,,,hbp|bgc|sme|div
unitedStates,FL,Osceola,Southeast,D03,Disney Wilderness Preserve,DSNY,tower,basePlot,,DSNY_063,400,20m x 20m,41,28.12672667,-81.43427407,WGS84,17N,457350.906,3111316.86,0.1,18.275,0.1,,,,,,,,Trimble GEOXH 6000,,,,,hbp|bgc|sme|div
unitedStates,FL,Osceola,Southeast,D03,Disney Wilderness Preserve,DSNY,tower,basePlot,,DSNY_064,400,20m x 20m,41,28.1240092,-81.43457854,WGS84,17N,457319.929,3111015.928,0.1,18.664,0.1,,,,,,,,Trimble GEOXH 6000,,,,,hbp|bgc|sme|div
unitedStates,FL,Osceola,Southeast,D03,Disney Wilderness Preserve,DSNY,tower,basePlot,,DSNY_065,400,20m x 20m,41,28.12699616,-81.43214065,WGS84,17N,457560.533,3111345.966,0.1,18.206,0.1,,,,,,,,Trimble GEOXH 6000,,,,,hbp|bgc|sme|div
unitedStates,FL,Osceola,Southeast,D03,Disney Wilderness Preserve,DSNY,tower,basePlot,,DSNY_066,400,20m x 20m,41,28.12832987,-81.43489167,WGS84,17N,457290.888,3111494.677,0.1,18.747,0.1,,,,,,,,Trimble GEOXH 6000,,,,,hbp|bgc|sme|div
unitedStates,FL,Osceola,Southeast,D03,Disney Wilderness Preserve,DSNY,tower,basePlot,,DSNY_067,400,20m x 20m,41,28.12618197,-81.43153785,WGS84,17N,457619.413,3111255.561,0.1,18.412,0.1,,,,,,,,Trimble GEOXH 6000,,,,,hbp|bgc|sme|div
unitedStates,FL,Osceola,Southeast,D03,Disney Wilderness Preserve,DSNY,tower,basePlot,,DSNY_068,400,20m x 20m,41,28.12591323,-81.43427431,WGS84,17N,457350.561,3111226.748,0.1,18.441,0.1,,,,,,,,Trimble GEOXH 6000,,,,,hbp|bgc|sme|div
unitedStates,FL,Osceola,Southeast,D03,Disney Wilderness Preserve,DSNY,tower,basePlot,,DSNY_069,400,20m x 20m,41,28.12426751,-81.43304993,WGS84,17N,457470.157,3111044.008,0.1,18.464,0.1,,,,,,,,Trimble GEOXH 6000,,,,,hbp|bgc|sme|div
unitedStates,FL,Osceola,Southeast,D03,Disney Wilderness Preserve,DSNY,tower,basePlot,,DSNY_070,400,20m x 20m,41,28.12537433,-81.43335991,WGS84,17N,457440.151,3111166.729,0.1,18.731,0.1,,,,,,,,Trimble GEOXH 6000,,,,,hbp|bgc|sme|div
unitedStates,FL,Osceola,Southeast,D03,Disney Wilderness Preserve,DSNY,tower,phenology,primary,DSNY_071,40000,200m x 200m,C,28.123751,-81.434181,WGS84,17N,457358.8903,3110987.177,,,,,,,,,,,Trimble GEOXH 6000,,,,,phe
unitedStates,FL,Osceola,Southeast,D03,Disney Wilderness Preserve,DSNY,tower,phenology,phenocam,DSNY_072,40000,200m x 200m,C,28.126891,-81.436204,WGS84,17N,457161.4167,3111335.714,,,,,,,,,,,,,,,,phe
unitedStates,FL,Osceola,Southeast,D03,Disney Wilderness Preserve,DSNY,distributed,basePlot,,DSNY_073,1600,40m x 40m,41,28.06694426,-81.40899385,WGS84,17N,459811.381,3104685.655,0.1,19.601,0.1,,,,,woodyWetlands,,,Trimble GEOXH 6000,,,,,bgc|sme|div|bet|hbp
unitedStates,FL,Osceola,Southeast,D03,Disney Wilderness Preserve,DSNY,distributed,basePlot,,DSNY_074,1600,40m x 40m,41,28.0666552,-81.41693308,WGS84,17N,459031.137,3104656.279,0.1,18.779,0.1,,,,,pastureHay,,,Trimble GEOXH 6000,,,,,bgc|sme|div|bet|hbp
unitedStates,GA,Baker,Southeast,D03,Jones Ecological Research Center,JERC,distributed,basePlot,,JERC_001,1600,40m x 40m,41,31.19431774,-84.47707803,WGS84,16N,740399.916,3453880.012,0.25,37.904,0.31,,,,,deciduousForest,,,Trimble GEOXH 6000,,,,,bet|bgc|sme|div|hbp
unitedStates,GA,Baker,Southeast,D03,Jones Ecological Research Center,JERC,distributed,basePlot,,JERC_002,1600,40m x 40m,41,31.19450643,-84.46006281,WGS84,16N,742021.248,3453938.071,0.28,48.275,0.29,,,,,evergreenForest,,,Trimble GEOXH 6000,,,,,bet|bgc|sme|div|hbp
unitedStates,GA,Baker,Southeast,D03,Jones Ecological Research Center,JERC,distributed,mammalGrid,diversity,JERC_002,8100,90m x 90m,E5,31.1957078,-84.45935471,WGS84,16N,742085.679,3454072.829,0.31,47.334,0.52,,,,,evergreenForest,,,Trimble GEOXH 6000,,,,,mam
unitedStates,GA,Baker,Southeast,D03,Jones Ecological Research Center,JERC,distributed,mammalGrid,diversity,JERC_003,8100,90m x 90m,E5,31.19522521,-84.47208652,WGS84,16N,740873.382,3453991.5,0.15,33.016,0.28,,,,,deciduousForest,,,Trimble GEOXH 6000,,,,,mam
unitedStates,GA,Baker,Southeast,D03,Jones Ecological Research Center,JERC,distributed,basePlot,,JERC_003,1600,40m x 40m,41,31.19614955,-84.47324216,WGS84,16N,740760.891,3454091.471,0.13,34.148,0.33,,,,,deciduousForest,,,Trimble GEOXH 6000,,,,,bet|bgc|sme|div|hbp
unitedStates,GA,Baker,Southeast,D03,Jones Ecological Research Center,JERC,distributed,basePlot,,JERC_004,1600,40m x 40m,41,31.18977437,-84.46586058,WGS84,16N,741480.657,3453400.703,0.12,44.846,0.19,,,,,cultivatedCrops,,,Trimble GEOXH 6000,,,,,bet|bgc|sme|div|hbp
unitedStates,GA,Baker,Southeast,D03,Jones Ecological Research Center,JERC,distributed,basePlot,,JERC_005,1600,40m x 40m,41,31.19596661,-84.45122656,WGS84,16N,742859.747,3454119.36,0.18,45.595,0.37,,,,,evergreenForest,,,Trimble GEOXH 6000,,,,,bet|bgc|sme|div|hbp
unitedStates,GA,Baker,Southeast,D03,Jones Ecological Research Center,JERC,distributed,mammalGrid,diversity,JERC_005,8100,90m x 90m,E5,31.19729704,-84.45159516,WGS84,16N,742821.213,3454266.068,0.24,44.679,0.24,,,,,evergreenForest,,,Trimble GEOXH 6000,,,,,mam
unitedStates,GA,Baker,Southeast,D03,Jones Ecological Research Center,JERC,distributed,basePlot,,JERC_006,1600,40m x 40m,41,31.18767164,-84.45585138,WGS84,16N,742440.101,3453189.464,0.14,41.924,0.28,,,,,mixedForest,,,Trimble GEOXH 6000,,,,,bet|bgc|sme|div|hbp
unitedStates,GA,Baker,Southeast,D03,Jones Ecological Research Center,JERC,distributed,mammalGrid,diversity,JERC_006,8100,90m x 90m,E5,31.18833759,-84.45448683,WGS84,16N,742568.473,3453266.298,0.1,42.448,0.14,,,,,mixedForest,,,Trimble GEOXH 6000,,,,,mam
unitedStates,GA,Baker,Southeast,D03,Jones Ecological Research Center,JERC,distributed,basePlot,,JERC_007,1600,40m x 40m,41,31.19863117,-84.4763111,WGS84,16N,740462.097,3454359.947,0.13,36.838,0.18,,,,,evergreenForest,,,Trimble GEOXH 6000,,,,,bet|bgc|sme|div|hbp
unitedStates,GA,Baker,Southeast,D03,Jones Ecological Research Center,JERC,distributed,mammalGrid,diversity,JERC_008,8100,90m x 90m,E5,31.19450903,-84.4495501,WGS84,16N,743023.266,3453961.43,0.11,41.806,0.15,,,,,mixedForest,,,Trimble GEOXH 6000,,,,,mam
unitedStates,GA,Baker,Southeast,D03,Jones Ecological Research Center,JERC,distributed,basePlot,,JERC_008,1600,40m x 40m,41,31.19515273,-84.45092712,WGS84,16N,742890.369,3454029.775,0.19,46.095,0.31,,,,,mixedForest,,,Trimble GEOXH 6000,,,,,bet|bgc|sme|div|hbp
unitedStates,GA,Baker,Southeast,D03,Jones Ecological Research Center,JERC,distributed,mammalGrid,diversity,JERC_009,8100,90m x 90m,E5,31.1942794,-84.45558874,WGS84,16N,742448.275,3453922.704,0.16,51.487,0.24,,,,,evergreenForest,,,Trimble GEOXH 6000,,,,,mam
unitedStates,GA,Baker,Southeast,D03,Jones Ecological Research Center,JERC,distributed,basePlot,,JERC_009,1600,40m x 40m,41,31.19498904,-84.45690354,WGS84,16N,742321.144,3453998.505,0.15,48.631,0.3,,,,,evergreenForest,,,Trimble GEOXH 6000,,,,,bet|bgc|sme|div|hbp
unitedStates,GA,Baker,Southeast,D03,Jones Ecological Research Center,JERC,distributed,basePlot,,JERC_010,1600,40m x 40m,41,31.20822239,-84.46949504,WGS84,16N,741087.393,3455438.266,0.25,42.855,0.37,,,,,deciduousForest,,,Trimble GEOXH 6000,,,,,bet|bgc|sme|div|hbp
unitedStates,GA,Baker,Southeast,D03,Jones Ecological Research Center,JERC,distributed,basePlot,,JERC_011,1600,40m x 40m,41,31.18520605,-84.4682022,WGS84,16N,741269.053,3452889.058,0.12,36.875,0.25,,,,,evergreenForest,,,Trimble GEOXH 6000,,,,,bet|bgc|sme|div|hbp
unitedStates,GA,Baker,Southeast,D03,Jones Ecological Research Center,JERC,distributed,basePlot,,JERC_012,1600,40m x 40m,41,31.19020251,-84.44729579,WGS84,16N,743249.164,3453488.883,0.1,42.091,0.13,,,,,cultivatedCrops,,,Trimble GEOXH 6000,,,,,bet|bgc|sme|div|hbp
unitedStates,GA,Baker,Southeast,D03,Jones Ecological Research Center,JERC,distributed,basePlot,,JERC_013,1600,40m x 40m,41,31.17846675,-84.46994681,WGS84,16N,741119.844,3452138.007,0.16,36.323,0.21,,,,,evergreenForest,,,Trimble GEOXH 6000,,,,,bet|bgc|sme|div|hbp
unitedStates,GA,Baker,Southeast,D03,Jones Ecological Research Center,JERC,distributed,basePlot,,JERC_014,1600,40m x 40m,41,31.20007178,-84.45491374,WGS84,16N,742497.826,3454566.443,0.13,47.58,0.22,,,,,cultivatedCrops,,,Trimble GEOXH 6000,,,,,bet|bgc|sme|div|hbp
unitedStates,GA,Baker,Southeast,D03,Jones Ecological Research Center,JERC,distributed,basePlot,,JERC_015,1600,40m x 40m,41,31.19060668,-84.45421163,WGS84,16N,742588.913,3453518.497,0.14,50.303,0.19,,,,,evergreenForest,,,Trimble GEOXH 6000,,,,,bet|bgc|sme|div|hbp
unitedStates,GA,Baker,Southeast,D03,Jones Ecological Research Center,JERC,distributed,basePlot,,JERC_016,1600,40m x 40m,41,31.18068268,-84.47209895,WGS84,16N,740909.062,3452379.015,0.16,34.278,0.26,,,,,deciduousForest,,,Trimble GEOXH 6000,,,,,bet|bgc|sme|div|hbp
unitedStates,GA,Baker,Southeast,D03,Jones Ecological Research Center,JERC,distributed,mammalGrid,diversity,JERC_016,8100,90m x 90m,E5,31.18200496,-84.47247292,WGS84,16N,740870.062,3452524.813,0.28,33.642,0.25,,,,,deciduousForest,,,Trimble GEOXH 6000,,,,,mam
unitedStates,GA,Baker,Southeast,D03,Jones Ecological Research Center,JERC,distributed,basePlot,,JERC_017,1600,40m x 40m,41,31.19547278,-84.45344707,WGS84,16N,742649.362,3454059.726,0.14,45.559,0.22,,,,,evergreenForest,,,Trimble GEOXH 6000,,,,,bet|bgc|sme|div|hbp
unitedStates,GA,Baker,Southeast,D03,Jones Ecological Research Center,JERC,distributed,basePlot,,JERC_018,1600,40m x 40m,41,31.19258612,-84.45826062,WGS84,16N,742197.919,3453729.096,0.1,45.907,0.14,,,,,cultivatedCrops,,,Trimble GEOXH 6000,,,,,bet|bgc|sme|div|hbp
unitedStates,GA,Baker,Southeast,D03,Jones Ecological Research Center,JERC,distributed,mammalGrid,diversity,JERC_019,8100,90m x 90m,E5,31.18733104,-84.47221305,WGS84,16N,740881.335,3453115.928,0.22,35.155,0.35,,,,,deciduousForest,,,Trimble GEOXH 6000,,,,,mam
unitedStates,GA,Baker,Southeast,D03,Jones Ecological Research Center,JERC,distributed,basePlot,,JERC_019,1600,40m x 40m,41,31.18743318,-84.47066181,WGS84,16N,741028.943,3453130.635,0.13,36.826,0.19,,,,,deciduousForest,,,Trimble GEOXH 6000,,,,,bet|bgc|sme|div|hbp
unitedStates,GA,Baker,Southeast,D03,Jones Ecological Research Center,JERC,distributed,basePlot,,JERC_020,1600,40m x 40m,41,31.18380761,-84.46507966,WGS84,16N,741570.262,3452740.82,0.11,44.832,0.2,,,,,cultivatedCrops,,,Trimble GEOXH 6000,,,,,bet|bgc|sme|div|hbp
unitedStates,GA,Baker,Southeast,D03,Jones Ecological Research Center,JERC,distributed,basePlot,,JERC_021,1600,40m x 40m,41,31.17575627,-84.46906254,WGS84,16N,741211.019,3451839.401,0.12,37.239,0.22,,,,,evergreenForest,,,Trimble GEOXH 6000,,,,,bet|bgc|sme|div|hbp
unitedStates,GA,Baker,Southeast,D03,Jones Ecological Research Center,JERC,distributed,basePlot,,JERC_022,1600,40m x 40m,41,31.21037735,-84.46846434,WGS84,16N,741180.146,3455679.456,0.11,46.668,0.2,,,,,evergreenForest,,,Trimble GEOXH 6000,,,,,bet|bgc|sme|div|hbp
unitedStates,GA,Baker,Southeast,D03,Jones Ecological Research Center,JERC,distributed,basePlot,,JERC_023,1600,40m x 40m,41,31.19124795,-84.45857973,WGS84,16N,742170.914,3453580.021,0.1,43.492,0.19,,,,,cultivatedCrops,,,Trimble GEOXH 6000,,,,,bet|bgc|sme|div|hbp
unitedStates,GA,Baker,Southeast,D03,Jones Ecological Research Center,JERC,distributed,basePlot,,JERC_024,1600,40m x 40m,41,31.20448349,-84.45791548,WGS84,16N,742200.479,3455049.026,0.1,47.553,0.13,,,,,cultivatedCrops,,,Trimble GEOXH 6000,,,,,bet|bgc|sme|div|hbp
unitedStates,GA,Baker,Southeast,D03,Jones Ecological Research Center,JERC,distributed,basePlot,,JERC_025,1600,40m x 40m,41,31.17919292,-84.46267849,WGS84,16N,741810.896,3452234.398,0.1,42.139,0.22,,,,,cultivatedCrops,,,Trimble GEOXH 6000,,,,,bet|bgc|sme|div|hbp
unitedStates,GA,Baker,Southeast,D03,Jones Ecological Research Center,JERC,distributed,basePlot,,JERC_027,1600,40m x 40m,41,31.19291959,-84.44721234,WGS84,16N,743250.162,3453790.336,0.11,43.175,0.22,,,,,cultivatedCrops,,,Trimble GEOXH 6000,,,,,bet|bgc|sme|div|hbp
unitedStates,GA,Baker,Southeast,D03,Jones Ecological Research Center,JERC,distributed,basePlot,,JERC_028,1600,40m x 40m,41,31.18271044,-84.4779988,WGS84,16N,740341.509,3452591.009,0.16,35.686,0.25,,,,,deciduousForest,,,Trimble GEOXH 6000,,,,,bet|bgc|sme|div|hbp
unitedStates,GA,Baker,Southeast,D03,Jones Ecological Research Center,JERC,distributed,basePlot,,JERC_029,1600,40m x 40m,41,31.18676192,-84.46437765,WGS84,16N,741629.67,3453069.926,0.11,44.345,0.2,,,,,deciduousForest,,,Trimble GEOXH 6000,,,,,bet|bgc|sme|div|hbp
unitedStates,GA,Baker,Southeast,D03,Jones Ecological Research Center,JERC,distributed,basePlot,,JERC_030,1600,40m x 40m,41,31.18509623,-84.47606718,WGS84,16N,740519.606,3452859.743,0.13,36.279,0.2,,,,,mixedForest,,,Trimble GEOXH 6000,,,,,bet|bgc|sme|div|hbp
unitedStates,GA,Baker,Southeast,D03,Jones Ecological Research Center,JERC,distributed,basePlot,,JERC_031,1600,40m x 40m,41,31.20245227,-84.4645881,WGS84,16N,741569.709,3454809.198,0.14,43.978,0.17,,,,,mixedForest,,,Trimble GEOXH 6000,,,,,bet|bgc|sme|div|hbp
unitedStates,GA,Baker,Southeast,D03,Jones Ecological Research Center,JERC,distributed,basePlot,,JERC_032,1600,40m x 40m,41,31.19411609,-84.48148539,WGS84,16N,739980.338,3453848.074,0.1,37.484,0.14,,,,,cultivatedCrops,,,Trimble GEOXH 6000,,,,,bet|bgc|sme|div|hbp
unitedStates,GA,Baker,Southeast,D03,Jones Ecological Research Center,JERC,distributed,basePlot,,JERC_033,1600,40m x 40m,41,31.19200083,-84.45604273,WGS84,16N,742410.817,3453669.062,0.12,46.561,0.19,,,,,mixedForest,,,Trimble GEOXH 6000,,,,,bet|bgc|sme|div|hbp
unitedStates,GA,Baker,Southeast,D03,Jones Ecological Research Center,JERC,distributed,basePlot,,JERC_034,1600,40m x 40m,41,31.19757137,-84.49148559,WGS84,16N,739018.477,3454209.518,0.12,44.032,0.2,,,,,deciduousForest,,,Trimble GEOXH 6000,,,,,bet|bgc|sme|div|hbp
unitedStates,GA,Baker,Southeast,D03,Jones Ecological Research Center,JERC,distributed,basePlot,,JERC_035,1600,40m x 40m,41,31.18330881,-84.45471833,WGS84,16N,742559.241,3452708.202,0.1,36.838,0.13,,,,,deciduousForest,,,Trimble GEOXH 6000,,,,,bet|bgc|sme|div|hbp
unitedStates,GA,Baker,Southeast,D03,Jones Ecological Research Center,JERC,distributed,basePlot,,JERC_036,1600,40m x 40m,41,31.18499661,-84.47042139,WGS84,16N,741058.041,3452860.995,0.12,33.119,0.21,,,,,deciduousForest,,,Trimble GEOXH 6000,,,,,bet|bgc|sme|div|hbp
unitedStates,GA,Baker,Southeast,D03,Jones Ecological Research Center,JERC,distributed,basePlot,,JERC_038,1600,40m x 40m,41,31.19190137,-84.49289932,WGS84,16N,738897.99,3453577.782,0.18,38.531,0.33,,,,,mixedForest,,,Trimble GEOXH 6000,,,,,bet|bgc|sme|div|hbp
unitedStates,GA,Baker,Southeast,D03,Jones Ecological Research Center,JERC,distributed,basePlot,,JERC_040,1600,40m x 40m,41,31.21226051,-84.46840027,WGS84,16N,741181.468,3455888.399,0.12,45.575,0.17,,,,,mixedForest,,,Trimble GEOXH 6000,,,,,bet|bgc|sme|div|hbp
unitedStates,GA,Baker,Southeast,D03,Jones Ecological Research Center,JERC,distributed,basePlot,,JERC_041,1600,40m x 40m,41,31.1857387,-84.48140466,WGS84,16N,740009.192,3452919.379,0.24,39.724,0.42,,,,,mixedForest,,,Trimble GEOXH 6000,,,,,bet|bgc|sme|div|hbp
unitedStates,GA,Baker,Southeast,D03,Jones Ecological Research Center,JERC,distributed,basePlot,,JERC_042,1600,40m x 40m,41,31.2101243,-84.46972687,WGS84,16N,741060.471,3455648.642,0.14,43.184,0.25,,,,,mixedForest,,,Trimble GEOXH 6000,,,,,bet|bgc|sme|div|hbp
unitedStates,GA,Baker,Southeast,D03,Jones Ecological Research Center,JERC,distributed,basePlot,,JERC_044,1600,40m x 40m,41,31.19685056,-84.48204539,WGS84,16N,739920.056,3454150.053,0.14,44.435,0.21,,,,,mixedForest,,,Trimble GEOXH 6000,,,,,bet|bgc|sme|div|hbp
unitedStates,GA,Baker,Southeast,D03,Jones Ecological Research Center,JERC,tower,basePlot,,JERC_047,1600,40m x 40m,41,31.19843659,-84.46718103,WGS84,16N,741332.787,3454358.277,0.13,35.284,0.19,,,,,,,,Trimble GEOXH 6000,,,,,bgc|sme|div|hbp
unitedStates,GA,Baker,Southeast,D03,Jones Ecological Research Center,JERC,tower,basePlot,,JERC_048,1600,40m x 40m,41,31.19645727,-84.46191333,WGS84,16N,741839.898,3454150.328,0.17,46.777,0.29,,,,,,,,Trimble GEOXH 6000,,,,,bgc|sme|hbp|div
unitedStates,GA,Baker,Southeast,D03,Jones Ecological Research Center,JERC,tower,basePlot,,JERC_049,1600,40m x 40m,41,31.19649151,-84.46410889,WGS84,16N,741630.545,3454149.321,0.24,46.48,0.29,,,,,,,,Trimble GEOXH 6000,,,,,sme|hbp|bgc|div
unitedStates,GA,Baker,Southeast,D03,Jones Ecological Research Center,JERC,tower,basePlot,,JERC_050,1600,40m x 40m,41,31.19684192,-84.46819367,WGS84,16N,741240.321,3454179.251,0.29,37.879,0.38,,,,,,,,Trimble GEOXH 6000,,,,,hbp|bgc|sme|div
unitedStates,GA,Baker,Southeast,D03,Jones Ecological Research Center,JERC,tower,basePlot,,JERC_051,1600,40m x 40m,41,31.19948874,-84.46434251,WGS84,16N,741600.654,3454481.141,0.17,41.481,0.24,,,,,,,,Trimble GEOXH 6000,,,,,hbp|bgc|sme|div
unitedStates,GA,Baker,Southeast,D03,Jones Ecological Research Center,JERC,tower,basePlot,,JERC_052,1600,40m x 40m,41,31.19540762,-84.46414052,WGS84,16N,741630.287,3454029.072,0.15,46.056,0.24,,,,,,,,Trimble GEOXH 6000,,,,,hbp|bgc|sme|div
unitedStates,GA,Baker,Southeast,D03,Jones Ecological Research Center,JERC,tower,basePlot,,JERC_053,1600,40m x 40m,41,31.19404271,-84.46354987,WGS84,16N,741690.056,3453879.023,0.11,44.922,0.14,,,,,,,,Trimble GEOXH 6000,,,,,hbp|bgc|sme|div
unitedStates,GA,Baker,Southeast,D03,Jones Ecological Research Center,JERC,tower,basePlot,,JERC_054,1600,40m x 40m,41,31.19792779,-84.46881761,WGS84,16N,741178.094,3454298.289,0.14,47.472,0.2,,,,,,,,Trimble GEOXH 6000,,,,,hbp|bgc|sme|div
unitedStates,GA,Baker,Southeast,D03,Jones Ecological Research Center,JERC,tower,basePlot,,JERC_055,1600,40m x 40m,41,31.19407434,-84.46513176,WGS84,16N,741539.197,3453879.072,0.12,41.752,0.3,,,,,,,,Trimble GEOXH 6000,,,,,hbp|bgc|sme|div
unitedStates,GA,Baker,Southeast,D03,Jones Ecological Research Center,JERC,tower,basePlot,,JERC_056,1600,40m x 40m,41,31.19463698,-84.46636164,WGS84,16N,741420.541,3453938.769,0.16,44.089,0.25,,,,,,,,Trimble GEOXH 6000,,,,,hbp|bgc|sme|div
unitedStates,GA,Baker,Southeast,D03,Jones Ecological Research Center,JERC,tower,basePlot,,JERC_057,1600,40m x 40m,41,31.2009373,-84.46965531,WGS84,16N,741090.613,3454630.152,0.14,33.622,0.22,,,,,,,,Trimble GEOXH 6000,,,,,hbp|bgc|sme|div
unitedStates,GA,Baker,Southeast,D03,Jones Ecological Research Center,JERC,tower,basePlot,,JERC_058,1600,40m x 40m,41,31.19455433,-84.46228295,WGS84,16N,741809.511,3453938.522,0.13,47.454,0.16,,,,,,,,Trimble GEOXH 6000,,,,,hbp|bgc|sme|div
unitedStates,GA,Baker,Southeast,D03,Jones Ecological Research Center,JERC,tower,basePlot,,JERC_059,1600,40m x 40m,41,31.19806653,-84.46249064,WGS84,16N,741780.776,3454327.498,0.12,42.263,0.21,,,,,,,,Trimble GEOXH 6000,,,,,hbp|bgc|sme|div
unitedStates,GA,Baker,Southeast,D03,Jones Ecological Research Center,JERC,tower,basePlot,,JERC_060,1600,40m x 40m,41,31.19866723,-84.46531076,WGS84,16N,741510.459,3454387.936,0.24,41.733,0.41,,,,,,,,Trimble GEOXH 6000,,,,,hbp|bgc|sme|div
unitedStates,GA,Baker,Southeast,D03,Jones Ecological Research Center,JERC,tower,basePlot,,JERC_061,1600,40m x 40m,41,31.19544428,-84.46539994,WGS84,16N,741510.152,3454030.384,0.21,50.415,0.34,,,,,,,,Trimble GEOXH 6000,,,,,hbp|bgc|sme|div
unitedStates,GA,Baker,Southeast,D03,Jones Ecological Research Center,JERC,tower,basePlot,,JERC_062,1600,40m x 40m,41,31.19680726,-84.46692911,WGS84,16N,741360.937,3454178.169,0.21,35.442,0.36,,,,,,,,Trimble GEOXH 6000,,,,,hbp|bgc|sme|div
unitedStates,GA,Baker,Southeast,D03,Jones Ecological Research Center,JERC,tower,basePlot,,JERC_063,1600,40m x 40m,41,31.19565615,-84.46288042,WGS84,16N,741749.76,3454059.385,0.11,46.483,0.19,,,,,,,,Trimble GEOXH 6000,,,,,hbp|bgc|sme|div
unitedStates,GA,Baker,Southeast,D03,Jones Ecological Research Center,JERC,tower,basePlot,,JERC_064,1600,40m x 40m,41,31.20060931,-84.46652308,WGS84,16N,741389.976,3454600.623,0.23,39.464,0.25,,,,,,,,Trimble GEOXH 6000,,,,,hbp|bgc|sme|div
unitedStates,GA,Baker,Southeast,D03,Jones Ecological Research Center,JERC,tower,basePlot,,JERC_065,1600,40m x 40m,41,31.20028648,-84.46527376,WGS84,16N,741509.868,3454567.559,0.14,40.189,0.2,,,,,,,,Trimble GEOXH 6000,,,,,hbp|bgc|sme|div
unitedStates,GA,Baker,Southeast,D03,Jones Ecological Research Center,JERC,tower,basePlot,,JERC_066,1600,40m x 40m,41,31.19755395,-84.46375897,WGS84,16N,741661.194,3454267.89,0.2,42.601,0.15,,,,,,,,Trimble GEOXH 6000,,,,,hbp|bgc|sme|div
unitedStates,GA,Baker,Southeast,D03,Jones Ecological Research Center,JERC,tower,phenology,primary,JERC_067,40000,200m x 200m,C,31.195781,-84.46456,WGS84,16N,741589.3694,3454069.518,,,,,,,,,,,,,,,,phe
unitedStates,GA,Baker,Southeast,D03,Jones Ecological Research Center,JERC,tower,phenology,phenocam,JERC_068,40000,200m x 200m,C,31.197319,-84.468753,WGS84,16N,741185.7908,3454230.914,,,,,,,,,,,,,,,,phe
unitedStates,FL,Putnam,Southeast,D03,Ordway-Swisher Biological Station,OSBS,distributed,basePlot,,OSBS_001,1600,40m x 40m,41,29.70291798,-82.00888599,WGS84,17N,402404.178,3286292.789,0.31,29.081,0.47,,,,,woodyWetlands,,,Trimble GEOXH 6000,,,,,bet|bgc|sme|div|hbp
unitedStates,FL,Putnam,Southeast,D03,Ordway-Swisher Biological Station,OSBS,distributed,basePlot,,OSBS_002,1600,40m x 40m,41,29.7038605,-81.95681658,WGS84,17N,407442.288,3286354.411,0.18,31.508,0.17,,,,,evergreenForest,,,Trimble GEOXH 6000,,,,,bet|bgc|sme|div|hbp
unitedStates,FL,Putnam,Southeast,D03,Ordway-Swisher Biological Station,OSBS,distributed,mammalGrid,diversity,OSBS_002,8100,90m x 90m,E5,29.70510016,-81.95624975,WGS84,17N,407498.258,3286491.325,0.16,30.024,0.18,,,,,evergreenForest,,,Trimble GEOXH 6000,,,,,mam
unitedStates,FL,Putnam,Southeast,D03,Ordway-Swisher Biological Station,OSBS,distributed,basePlot,,OSBS_003,1600,40m x 40m,41,29.69499084,-81.94742448,WGS84,17N,408342.823,3285364.074,0.31,33.9,0.71,,,,,evergreenForest,,,Trimble GEOXH 6000,,,,,bet|bgc|sme|div|hbp
unitedStates,FL,Putnam,Southeast,D03,Ordway-Swisher Biological Station,OSBS,distributed,mammalGrid,diversity,OSBS_003,8100,90m x 90m,E5,29.69576415,-81.94618731,WGS84,17N,408463.217,3285448.785,0.21,34.267,0.55,,,,,evergreenForest,,,Trimble GEOXH 6000,,,,,mam
unitedStates,FL,Putnam,Southeast,D03,Ordway-Swisher Biological Station,OSBS,distributed,mammalGrid,diversity,OSBS_004,8100,90m x 90m,E5,29.68296222,-81.95818629,WGS84,17N,407290.597,3284039.752,0.1,34.707,0.11,,,,,evergreenForest,,,Trimble GEOXH 6000,,,,,mam
unitedStates,FL,Putnam,Southeast,D03,Ordway-Swisher Biological Station,OSBS,distributed,basePlot,,OSBS_004,1600,40m x 40m,41,29.68407306,-81.95910828,WGS84,17N,407202.405,3284163.583,0.23,36.842,0.6,,,,,evergreenForest,,,Trimble GEOXH 6000,,,,,bet|bgc|sme|div|hbp
unitedStates,FL,Putnam,Southeast,D03,Ordway-Swisher Biological Station,OSBS,distributed,mammalGrid,diversity,OSBS_005,8100,90m x 90m,E5,29.69523093,-82.02526658,WGS84,17N,400811.943,3285454.911,0.5,29.859,0.71,,,,,woodyWetlands,,,Trimble GEOXH 6000,,,,,mam
unitedStates,FL,Putnam,Southeast,D03,Ordway-Swisher Biological Station,OSBS,distributed,basePlot,,OSBS_005,1600,40m x 40m,41,29.69656911,-82.02557799,WGS84,17N,400783.13,3285603.465,0.26,30.248,0.64,,,,,woodyWetlands,,,Trimble GEOXH 6000,,,,,bet|bgc|sme|div|hbp
unitedStates,FL,Putnam,Southeast,D03,Ordway-Swisher Biological Station,OSBS,distributed,basePlot,,OSBS_006,1600,40m x 40m,41,29.68660909,-81.98300046,WGS84,17N,404893.014,3284464.009,0.12,33.015,0.13,,,,,evergreenForest,,,Trimble GEOXH 6000,,,,,bet|bgc|sme|div|hbp
unitedStates,FL,Putnam,Southeast,D03,Ordway-Swisher Biological Station,OSBS,distributed,mammalGrid,diversity,OSBS_006,8100,90m x 90m,E5,29.68735467,-81.98428961,WGS84,17N,404768.982,3284547.688,0.12,34.995,0.12,,,,,evergreenForest,,,Trimble GEOXH 6000,,,,,mam
unitedStates,FL,Putnam,Southeast,D03,Ordway-Swisher Biological Station,OSBS,distributed,basePlot,,OSBS_007,1600,40m x 40m,41,29.69027633,-81.96257172,WGS84,17N,406873.007,3284853.757,0.1,34.308,0.12,,,,,evergreenForest,,,Trimble GEOXH 6000,,,,,bet|bgc|sme|div|hbp
unitedStates,FL,Putnam,Southeast,D03,Ordway-Swisher Biological Station,OSBS,distributed,basePlot,,OSBS_008,1600,40m x 40m,41,29.68505776,-82.00716214,WGS84,17N,402553.71,3284312.214,0.1,45.205,0.11,,,,,evergreenForest,,,Trimble GEOXH 6000,,,,,bet|bgc|sme|div|hbp
unitedStates,FL,Putnam,Southeast,D03,Ordway-Swisher Biological Station,OSBS,distributed,basePlot,,OSBS_009,1600,40m x 40m,41,29.69879793,-82.01754289,WGS84,17N,401562.68,3285843.578,0.2,31.45,0.37,,,,,woodyWetlands,,,Trimble GEOXH 6000,,,,,bet|bgc|sme|div|hbp
unitedStates,FL,Putnam,Southeast,D03,Ordway-Swisher Biological Station,OSBS,distributed,basePlot,,OSBS_010,1600,40m x 40m,41,29.69174583,-81.9418306,WGS84,17N,408881.091,3285000.073,0.32,36.52,0.48,,,,,evergreenForest,,,Trimble GEOXH 6000,,,,,bet|bgc|sme|div|hbp
unitedStates,FL,Putnam,Southeast,D03,Ordway-Swisher Biological Station,OSBS,distributed,basePlot,,OSBS_011,1600,40m x 40m,41,29.72150699,-81.98704212,WGS84,17N,404534.97,3288334.429,0.24,27.17,0.34,,,,,evergreenForest,,,Trimble GEOXH 6000,,,,,bet|bgc|sme|div|hbp
unitedStates,FL,Putnam,Southeast,D03,Ordway-Swisher Biological Station,OSBS,distributed,basePlot,,OSBS_012,1600,40m x 40m,41,29.71907017,-81.98394332,WGS84,17N,404832.396,3288061.845,0.1,25.476,0.1,,,,,woodyWetlands,,,Trimble GEOXH 6000,,,,,bet|bgc|sme|div|hbp
unitedStates,FL,Putnam,Southeast,D03,Ordway-Swisher Biological Station,OSBS,distributed,mammalGrid,diversity,OSBS_012,8100,90m x 90m,E5,29.72010656,-81.9849938,WGS84,17N,404731.767,3288177.555,0.11,26.595,0.28,,,,,woodyWetlands,,,Trimble GEOXH 6000,,,,,mam
unitedStates,FL,Putnam,Southeast,D03,Ordway-Swisher Biological Station,OSBS,distributed,basePlot,,OSBS_013,1600,40m x 40m,41,29.68215904,-81.96156498,WGS84,17N,406962.935,3283953.463,0.11,42.253,0.16,,,,,evergreenForest,,,Trimble GEOXH 6000,,,,,bet|bgc|sme|div|hbp
unitedStates,FL,Putnam,Southeast,D03,Ordway-Swisher Biological Station,OSBS,distributed,basePlot,,OSBS_014,1600,40m x 40m,41,29.69272058,-81.9582599,WGS84,17N,407292.432,3285121.142,0.21,33.096,0.98,,,,,evergreenForest,,,Trimble GEOXH 6000,,,,,bet|bgc|sme|div|hbp
unitedStates,FL,Putnam,Southeast,D03,Ordway-Swisher Biological Station,OSBS,distributed,basePlot,,OSBS_015,1600,40m x 40m,41,29.71025084,-81.96927314,WGS84,17N,406243.18,3287072.571,0.1,25.644,0.1,,,,,woodyWetlands,,,Trimble GEOXH 6000,,,,,bet|bgc|sme|div|hbp
unitedStates,FL,Putnam,Southeast,D03,Ordway-Swisher Biological Station,OSBS,distributed,basePlot,,OSBS_016,1600,40m x 40m,41,29.68239248,-81.96744384,WGS84,17N,406394.31,3283984.073,0.41,25.996,0.27,,,,,woodyWetlands,,,Trimble GEOXH 6000,,,,,bet|bgc|sme|div|hbp
unitedStates,FL,Putnam,Southeast,D03,Ordway-Swisher Biological Station,OSBS,distributed,basePlot,,OSBS_017,1600,40m x 40m,41,29.70387191,-81.99184654,WGS84,17N,404053.502,3286384.234,0.32,26.881,0.29,,,,,woodyWetlands,,,Trimble GEOXH 6000,,,,,bet|bgc|sme|div|hbp
unitedStates,FL,Putnam,Southeast,D03,Ordway-Swisher Biological Station,OSBS,distributed,basePlot,,OSBS_018,1600,40m x 40m,41,29.6866357,-81.94271332,WGS84,17N,408791.071,3284434.512,0.1,25.976,0.11,,,,,woodyWetlands,,,Trimble GEOXH 6000,,,,,bet|bgc|sme|div|hbp
unitedStates,FL,Putnam,Southeast,D03,Ordway-Swisher Biological Station,OSBS,distributed,basePlot,,OSBS_019,1600,40m x 40m,41,29.69599142,-81.95921685,WGS84,17N,407202.853,3285484.354,0.1,23.39,0.11,,,,,emergentHerbaceousWetlands,,,Trimble GEOXH 6000,,,,,bet|bgc|sme|div|hbp
unitedStates,FL,Putnam,Southeast,D03,Ordway-Swisher Biological Station,OSBS,distributed,basePlot,,OSBS_020,1600,40m x 40m,41,29.68684947,-81.95076533,WGS84,17N,408012.186,3284464.576,0.56,25.483,1.23,,,,,woodyWetlands,,,Trimble GEOXH 6000,,,,,bet|bgc|sme|div|hbp
unitedStates,FL,Putnam,Southeast,D03,Ordway-Swisher Biological Station,OSBS,distributed,basePlot,,OSBS_021,1600,40m x 40m,41,29.6957657,-81.95301758,WGS84,17N,407802.408,3285454.383,0.44,24.493,0.58,,,,,woodyWetlands,,,Trimble GEOXH 6000,,,,,bet|bgc|sme|div|hbp
unitedStates,FL,Putnam,Southeast,D03,Ordway-Swisher Biological Station,OSBS,distributed,basePlot,,OSBS_022,1600,40m x 40m,41,29.68948154,-81.96069264,WGS84,17N,407054.082,3284764.174,0.1,23.973,0.1,,,,,emergentHerbaceousWetlands,,,Trimble GEOXH 6000,,,,,bet|bgc|sme|div|hbp
unitedStates,FL,Putnam,Southeast,D03,Ordway-Swisher Biological Station,OSBS,distributed,basePlot,,OSBS_023,1600,40m x 40m,41,29.72259659,-81.9855268,WGS84,17N,404682.567,3288453.919,0.1,25.77,0.1,,,,,emergentHerbaceousWetlands,,,Trimble GEOXH 6000,,,,,bet|bgc|sme|div|hbp
unitedStates,FL,Putnam,Southeast,D03,Ordway-Swisher Biological Station,OSBS,distributed,mammalGrid,diversity,OSBS_023,8100,90m x 90m,E5,29.723545,-81.98441698,WGS84,17N,404790.806,3288558.1,0.1,24.817,0.13,,,,,emergentHerbaceousWetlands,,,Trimble GEOXH 6000,,,,,mam
unitedStates,FL,Putnam,Southeast,D03,Ordway-Swisher Biological Station,OSBS,distributed,basePlot,,OSBS_024,1600,40m x 40m,41,29.72393861,-81.98678141,WGS84,17N,404562.488,3288603.666,0.1,25.137,0.11,,,,,emergentHerbaceousWetlands,,,Trimble GEOXH 6000,,,,,bet|bgc|sme|div|hbp
unitedStates,FL,Putnam,Southeast,D03,Ordway-Swisher Biological Station,OSBS,tower,basePlot,,OSBS_025,1600,40m x 40m,41,29.69186726,-81.99638373,WGS84,17N,403603.111,3285057.753,0.1,45.117,0.1,,,,,,,,Trimble GEOXH 6000,,,,,bgc|sme|div|hbp
unitedStates,FL,Putnam,Southeast,D03,Ordway-Swisher Biological Station,OSBS,tower,basePlot,,OSBS_026,1600,40m x 40m,41,29.69358418,-81.99205666,WGS84,17N,404023.395,3285244.408,0.1,42.957,0.14,,,,,,,,Trimble GEOXH 6000,,,,,bgc|sme|hbp|div
unitedStates,FL,Putnam,Southeast,D03,Ordway-Swisher Biological Station,OSBS,tower,basePlot,,OSBS_027,1600,40m x 40m,41,29.69196931,-81.9920627,WGS84,17N,404021.276,3285065.468,0.12,41.27,0.21,,,,,,,,Trimble GEOXH 6000,,,,,bgc|sme|hbp|div
unitedStates,FL,Putnam,Southeast,D03,Ordway-Swisher Biological Station,OSBS,tower,basePlot,,OSBS_028,1600,40m x 40m,41,29.68593252,-81.99571819,WGS84,17N,403661.842,3284399.561,0.1,45.004,0.1,,,,,,,,Trimble GEOXH 6000,,,,,hbp|div|bgc|sme
unitedStates,FL,Putnam,Southeast,D03,Ordway-Swisher Biological Station,OSBS,tower,basePlot,,OSBS_029,1600,40m x 40m,41,29.69250426,-81.9898909,WGS84,17N,404231.908,3285122.946,0.1,44.292,0.1,,,,,,,,Trimble GEOXH 6000,,,,,hbp|div|bgc|sme
unitedStates,FL,Putnam,Southeast,D03,Ordway-Swisher Biological Station,OSBS,tower,basePlot,,OSBS_030,1600,40m x 40m,41,29.68942435,-81.99760562,WGS84,17N,403482.556,3284788.07,0.1,46.1,0.11,,,,,,,,Trimble GEOXH 6000,,,,,hbp|div|bgc|sme
unitedStates,FL,Putnam,Southeast,D03,Ordway-Swisher Biological Station,OSBS,tower,basePlot,,OSBS_031,1600,40m x 40m,41,29.68896784,-81.9911051,WGS84,17N,404111.075,3284732.076,0.31,45.287,0.46,,,,,,,,Trimble GEOXH 6000,,,,,hbp|div|bgc|sme
unitedStates,FL,Putnam,Southeast,D03,Ordway-Swisher Biological Station,OSBS,tower,basePlot,,OSBS_032,1600,40m x 40m,41,29.69003281,-81.99111048,WGS84,17N,404111.565,3284850.091,0.1,46.407,0.12,,,,,,,,Trimble GEOXH 6000,,,,,hbp|div|bgc|sme
unitedStates,FL,Putnam,Southeast,D03,Ordway-Swisher Biological Station,OSBS,tower,basePlot,,OSBS_033,1600,40m x 40m,41,29.69006058,-81.98956159,WGS84,17N,404261.453,3284851.886,0.11,44.128,0.21,,,,,,,,Trimble GEOXH 6000,,,,,hbp|div|bgc|sme
unitedStates,FL,Putnam,Southeast,D03,Ordway-Swisher Biological Station,OSBS,tower,basePlot,,OSBS_034,1600,40m x 40m,41,29.68872026,-81.98829944,WGS84,17N,404382.301,3284702.319,0.11,41.541,0.15,,,,,,,,Trimble GEOXH 6000,,,,,hbp|div|bgc|sme
unitedStates,FL,Putnam,Southeast,D03,Ordway-Swisher Biological Station,OSBS,tower,basePlot,,OSBS_035,1600,40m x 40m,41,29.6875287,-81.99757572,WGS84,17N,403483.638,3284577.985,0.14,43.602,0.34,,,,,,,,Trimble GEOXH 6000,,,,,hbp|div|bgc|sme
unitedStates,FL,Putnam,Southeast,D03,Ordway-Swisher Biological Station,OSBS,tower,basePlot,,OSBS_036,1600,40m x 40m,41,29.69142877,-81.99050351,WGS84,17N,404171.617,3285004.277,0.15,43.878,0.19,,,,,,,,Trimble GEOXH 6000,,,,,hbp|div|bgc|sme
unitedStates,FL,Putnam,Southeast,D03,Ordway-Swisher Biological Station,OSBS,tower,basePlot,,OSBS_037,1600,40m x 40m,41,29.68647444,-81.99447282,WGS84,17N,403782.858,3284458.576,0.1,45.339,0.1,,,,,,,,Trimble GEOXH 6000,,,,,hbp|div|bgc|sme
unitedStates,FL,Putnam,Southeast,D03,Ordway-Swisher Biological Station,OSBS,tower,basePlot,,OSBS_038,1600,40m x 40m,41,29.69078254,-81.99762653,WGS84,17N,403481.832,3284938.59,0.16,45.954,0.37,,,,,,,,Trimble GEOXH 6000,,,,,hbp|div|bgc|sme
unitedStates,FL,Putnam,Southeast,D03,Ordway-Swisher Biological Station,OSBS,tower,basePlot,,OSBS_039,1600,40m x 40m,41,29.69330039,-81.99082169,WGS84,17N,404142.609,3285211.938,0.1,47.431,0.1,,,,,,,,Trimble GEOXH 6000,,,,,hbp|div|bgc|sme
unitedStates,FL,Putnam,Southeast,D03,Ordway-Swisher Biological Station,OSBS,tower,basePlot,,OSBS_040,1600,40m x 40m,41,29.68897837,-81.98955568,WGS84,17N,404260.999,3284731.96,0.11,42.935,0.16,,,,,,,,Trimble GEOXH 6000,,,,,hbp|div|bgc|sme
unitedStates,FL,Putnam,Southeast,D03,Ordway-Swisher Biological Station,OSBS,tower,basePlot,,OSBS_041,1600,40m x 40m,41,29.68752663,-81.99633294,WGS84,17N,403603.882,3284576.719,0.1,44.658,0.16,,,,,,,,Trimble GEOXH 6000,,,,,hbp|div|bgc|sme
unitedStates,FL,Putnam,Southeast,D03,Ordway-Swisher Biological Station,OSBS,tower,basePlot,,OSBS_042,1600,40m x 40m,41,29.69295928,-81.99639815,WGS84,17N,403602.758,3285178.774,0.3,36.613,0.52,,,,,,,,Trimble GEOXH 6000,,,,,hbp|div|bgc|sme
unitedStates,FL,Putnam,Southeast,D03,Ordway-Swisher Biological Station,OSBS,tower,basePlot,,OSBS_043,1600,40m x 40m,41,29.69143012,-81.98895629,WGS84,17N,404321.315,3285003.145,0.11,47.555,0.4,,,,,,,,Trimble GEOXH 6000,,,,,hbp|div|bgc|sme
unitedStates,FL,Putnam,Southeast,D03,Ordway-Swisher Biological Station,OSBS,tower,basePlot,,OSBS_044,1600,40m x 40m,41,29.69084729,-81.99203432,WGS84,17N,404022.955,3284941.112,0.1,44.222,0.11,,,,,,,,Trimble GEOXH 6000,,,,,hbp|div|bgc|sme
unitedStates,FL,Putnam,Southeast,D03,Ordway-Swisher Biological Station,OSBS,tower,phenology,primary,OSBS_045,40000,200m x 200m,C,29.68968292,-81.990336,WGS84,17N,404186.1672,3284810.678,,,,,,,,,,,,,,,,phe
unitedStates,FL,Putnam,Southeast,D03,Ordway-Swisher Biological Station,OSBS,tower,phenology,phenocam,OSBS_046,40000,200m x 200m,C,29.69168165,-81.99340087,WGS84,17N,403891.5313,3285034.703,,,,,,,,,,,,,,,,phe
unitedStates,FL,Putnam,Southeast,D03,Ordway-Swisher Biological Station,OSBS,distributed,basePlot,,OSBS_048,1600,40m x 40m,41,29.67929929,-81.94635209,WGS84,17N,408432.349,3283624.435,0.34,34.49,0.69,,,,,evergreenForest,,,Trimble GEOXH 6000,,,,,bet|bgc|sme|div|hbp
unitedStates,FL,Putnam,Southeast,D03,Ordway-Swisher Biological Station,OSBS,distributed,basePlot,,OSBS_049,1600,40m x 40m,41,29.68622875,-81.96409715,WGS84,17N,406721.679,3284406.469,0.1,24.072,0.1,,,,,emergentHerbaceousWetlands,,,Trimble GEOXH 6000,,,,,bet|bgc|sme|div|hbp
unitedStates,FL,Putnam,Southeast,D03,Ordway-Swisher Biological Station,OSBS,distributed,basePlot,,OSBS_050,1600,40m x 40m,41,29.6896902,-82.00538909,WGS84,17N,402729.729,3284824.049,0.1,29.43,0.15,,,,,emergentHerbaceousWetlands,,,Trimble GEOXH 6000,,,,,bet|bgc|sme|div|hbp
unitedStates,FL,Putnam,Southeast,D03,Ordway-Swisher Biological Station,OSBS,distributed,basePlot,,OSBS_051,1600,40m x 40m,41,29.67776026,-82.00770899,WGS84,17N,402493.755,3283504.027,0.1,24.207,0.13,,,,,emergentHerbaceousWetlands,,,Trimble GEOXH 6000,,,,,bet|bgc|sme|div|hbp
unitedStates,CO,Logan,Central Plains,D10,North Sterling,STER,distributed,basePlot,,STER_005,1600,40m x 40m,41,40.46526122,-103.0345996,WGS84,13N,666627.051,4481253.866,0.1,1362.57,0.1,,,,,cultivatedCrops,,,Trimble GEOXH 6000,,,,,bet|bgc|sme|div|hbp
unitedStates,CO,Logan,Central Plains,D10,North Sterling,STER,distributed,mammalGrid,diversity,STER_006,8100,90m x 90m,E5,40.46241845,-103.0354574,WGS84,13N,666561.341,4480936.671,0.1,1360.888,0.1,,,,,cultivatedCrops,,,Trimble GEOXH 6000,,,,,mam
unitedStates,CO,Logan,Central Plains,D10,North Sterling,STER,distributed,basePlot,,STER_006,1600,40m x 40m,41,40.46393528,-103.0353318,WGS84,13N,666568.244,4481105.292,0.1,1361.173,0.1,,,,,cultivatedCrops,,,Trimble GEOXH 6000,,,,,bet|bgc|sme|div|hbp
unitedStates,CO,Logan,Central Plains,D10,North Sterling,STER,tower,basePlot,,STER_007,400,20m x 20m,41,40.4611558,-103.0308256,WGS84,13N,666957.196,4480805.258,0.1,1362.282,0.1,,,,,,,,Trimble GEOXH 6000,,,,,bgc|sme|div|hbp
unitedStates,CO,Logan,Central Plains,D10,North Sterling,STER,tower,basePlot,,STER_008,400,20m x 20m,41,40.46304239,-103.0304106,WGS84,13N,666987.711,4481015.473,0.1,1363.946,0.1,,,,,,,,Trimble GEOXH 6000,,,,,bgc|sme|div|hbp
unitedStates,CO,Logan,Central Plains,D10,North Sterling,STER,tower,basePlot,,STER_009,400,20m x 20m,41,40.46279684,-103.031839,WGS84,13N,666867.205,4480985.513,0.1,1361.102,0.1,,,,,,,,Trimble GEOXH 6000,,,,,bgc|sme|div|hbp
unitedStates,CO,Logan,Central Plains,D10,North Sterling,STER,tower,basePlot,,STER_010,1600,40m x 40m,41,40.46061066,-103.0304958,WGS84,13N,666986.513,4480745.367,0.1,1363.028,0.1,,,,,,,,Trimble GEOXH 6000,,,,,bgc|sme|div|hbp
unitedStates,CO,Logan,Central Plains,D10,North Sterling,STER,tower,basePlot,,STER_011,1600,40m x 40m,41,40.46116792,-103.031538,WGS84,13N,666896.766,4480805.256,0.1,1362.54,0.1,,,,,,,,Trimble GEOXH 6000,,,,,bgc|sme|div|hbp
unitedStates,CO,Logan,Central Plains,D10,North Sterling,STER,tower,basePlot,,STER_012,1600,40m x 40m,41,40.46005315,-103.0298006,WGS84,13N,667046.837,4480684.793,0.1,1363.672,0.1,,,,,,,,Trimble GEOXH 6000,,,,,bgc|sme|div|hbp
unitedStates,CO,Logan,Central Plains,D10,North Sterling,STER,tower,basePlot,,STER_013,400,20m x 20m,41,40.46173882,-103.0322352,WGS84,13N,666836.232,4480867.314,0.1,1362.641,0.1,,,,,,,,Trimble GEOXH 6000,,,,,bgc|sme|div|hbp
unitedStates,CO,Logan,Central Plains,D10,North Sterling,STER,tower,basePlot,,STER_014,400,20m x 20m,41,40.46279753,-103.0311305,WGS84,13N,666927.279,4480986.929,0.1,1361.488,0.1,,,,,,,,Trimble GEOXH 6000,,,,,bgc|sme|div|hbp
unitedStates,CO,Logan,Central Plains,D10,North Sterling,STER,tower,basePlot,,STER_015,400,20m x 20m,41,40.46092377,-103.0322533,WGS84,13N,666836.715,4480776.8,0.1,1363.053,0.1,,,,,,,,Trimble GEOXH 6000,,,,,bgc|sme|div|hbp
unitedStates,CO,Logan,Central Plains,D10,North Sterling,STER,tower,basePlot,,STER_016,1600,40m x 40m,41,40.46385631,-103.0307542,WGS84,13N,666956.562,4481105.176,0.1,1360.548,0.1,,,,,,,,Trimble GEOXH 6000,,,,,bgc|sme|div|hbp
unitedStates,CO,Logan,Central Plains,D10,North Sterling,STER,tower,phenology,primary,STER_017,40000,200m x 200m,C,40.46355542,-103.0311581,WGS84,13N,666923.0655,4481071.011,,,,,,,,,,,,,,,,phe
unitedStates,CO,Logan,Central Plains,D10,North Sterling,STER,distributed,basePlot,,STER_018,1600,40m x 40m,41,40.46065896,-103.0333237,WGS84,13N,666746.611,4480745.382,0.1,1363.562,0.1,,,,,cultivatedCrops,,,Trimble GEOXH 6000,,,,,bet|bgc|sme|div|hbp
unitedStates,CO,Logan,Central Plains,D10,North Sterling,STER,tower,phenology,phenocam,STER_020,40000,200m x 200m,C,40.46350995,-103.0287862,WGS84,13N,667124.2837,4481070.451,,,,,,,,,,,,,,,,phe
unitedStates,CO,Logan,Central Plains,D10,North Sterling,STER,distributed,mammalGrid,diversity,STER_026,8100,90m x 90m,E5,40.47355115,-103.0251937,WGS84,13N,667403.938,4482191.932,0.1,1364.595,0.1,,,,,cultivatedCrops,,,Trimble GEOXH 6000,,,,,mam
unitedStates,CO,Logan,Central Plains,D10,North Sterling,STER,distributed,basePlot,,STER_026,1600,40m x 40m,41,40.47471305,-103.0242998,WGS84,13N,667476.829,4482322.612,0.18,1360.734,0.25,,,,,cultivatedCrops,,,Trimble GEOXH 6000,,,,,bet|bgc|sme|div|hbp
unitedStates,CO,Logan,Central Plains,D10,North Sterling,STER,distributed,mammalGrid,diversity,STER_027,8100,90m x 90m,E5,40.48057264,-103.0210629,WGS84,13N,667736.645,4482979.234,0.1,1368.34,0.1,,,,,cultivatedCrops,,,Trimble GEOXH 6000,,,,,mam
unitedStates,CO,Logan,Central Plains,D10,North Sterling,STER,distributed,basePlot,,STER_027,1600,40m x 40m,41,40.4808274,-103.0188205,WGS84,13N,667926.085,4483011.78,0.13,1368.36,0.25,,,,,cultivatedCrops,,,Trimble GEOXH 6000,,,,,bet|bgc|sme|div|hbp
unitedStates,CO,Logan,Central Plains,D10,North Sterling,STER,distributed,basePlot,,STER_028,1600,40m x 40m,41,40.47327283,-103.0183326,WGS84,13N,667986.278,4482174.077,0.22,1359.536,0.3,,,,,cultivatedCrops,,,Trimble GEOXH 6000,,,,,bet|bgc|sme|div|hbp
unitedStates,CO,Logan,Central Plains,D10,North Sterling,STER,distributed,mammalGrid,diversity,STER_028,8100,90m x 90m,E5,40.47357595,-103.0200547,WGS84,13N,667839.534,4482204.448,0.1,1359.719,0.1,,,,,cultivatedCrops,,,Trimble GEOXH 6000,,,,,mam
unitedStates,CO,Logan,Central Plains,D10,North Sterling,STER,distributed,mammalGrid,diversity,STER_029,8100,90m x 90m,E5,40.46835359,-103.0135007,WGS84,13N,668408.201,4481637.203,0.1,1357.841,0.1,,,,,cultivatedCrops,,,Trimble GEOXH 6000,,,,,mam
unitedStates,CO,Logan,Central Plains,D10,North Sterling,STER,distributed,basePlot,,STER_029,1600,40m x 40m,41,40.46856147,-103.011749,WGS84,13N,668556.191,4481663.625,0.14,1353.3,0.25,,,,,cultivatedCrops,,,Trimble GEOXH 6000,,,,,bet|bgc|sme|div|hbp
unitedStates,CO,Logan,Central Plains,D10,North Sterling,STER,distributed,mammalGrid,diversity,STER_031,8100,90m x 90m,E5,40.47035581,-103.0138829,WGS84,13N,668370.796,4481858.741,0.1,1358.095,0.1,,,,,cultivatedCrops,,,Trimble GEOXH 6000,,,,,mam
unitedStates,CO,Logan,Central Plains,D10,North Sterling,STER,distributed,basePlot,,STER_031,1600,40m x 40m,41,40.47072487,-103.0116849,WGS84,13N,668556.219,4481903.906,0.1,1353.287,0.1,,,,,cultivatedCrops,,,Trimble GEOXH 6000,,,,,bet|bgc|sme|div|hbp
unitedStates,CO,Logan,Central Plains,D10,North Sterling,STER,distributed,basePlot,,STER_032,1600,40m x 40m,41,40.47202943,-103.0251021,WGS84,13N,667415.485,4482023.18,0.1,1362.602,0.1,,,,,cultivatedCrops,,,Trimble GEOXH 6000,,,,,bet|bgc|sme|div|hbp
unitedStates,CO,Logan,Central Plains,D10,North Sterling,STER,distributed,basePlot,,STER_033,1600,40m x 40m,41,40.47638993,-103.0118665,WGS84,13N,668526.65,4482532.438,0.12,1356.579,0.22,,,,,cultivatedCrops,,,Trimble GEOXH 6000,,,,,bet|bgc|sme|div|hbp
unitedStates,CO,Logan,Central Plains,D10,North Sterling,STER,distributed,basePlot,,STER_034,1600,40m x 40m,41,40.47866602,-103.0192379,WGS84,13N,667896.096,4482771.051,0.14,1365.848,0.23,,,,,cultivatedCrops,,,Trimble GEOXH 6000,,,,,bet|bgc|sme|div|hbp
unitedStates,CO,Logan,Central Plains,D10,North Sterling,STER,distributed,basePlot,,STER_035,1600,40m x 40m,41,40.46971902,-103.0166624,WGS84,13N,668136.742,4481782.75,0.1,1362.177,0.12,,,,,cultivatedCrops,,,Trimble GEOXH 6000,,,,,bet|bgc|sme|div|hbp
