uid,date,subplotID,nestedSubplotID,tagID,supportingStemTagID,stemAzimuth,stemDistance,identificationQualifier,growthForm,remarks,pointID,plotID,scientificName
195,20141124,41,4,2203,,357.6,33.8,,sbt,NTEF,25,OSBS_026,Pinus palustris
196,20141124,41,4,2204,,353,37.3,,sbt,,25,OSBS_026,Pinus palustris
197,20141124,41,4,2205,,349.6,39.2,,sbt,,25,OSBS_026,Pinus palustris
198,20141124,41,4,2206,,342.7,39.3,,sbt,,25,OSBS_026,Pinus palustris
199,20141124,41,4,2207,,342.6,39.6,,sbt,,25,OSBS_026,Quercus laevis
200,20141124,41,3,2208,,334.5,41.7,,sbt,,25,OSBS_026,Pinus palustris
201,20141124,41,1,2190,,318.3,29.5,,sbt,,25,OSBS_026,Quercus laevis
202,20141124,41,1,2191,,325.4,29.6,,sbt,,25,OSBS_026,Pinus palustris
203,20141124,41,1,2210,,330.7,32.1,,sbt,,25,OSBS_026,Pinus palustris
204,20141124,41,1,2209,,335.4,32.1,,sbt,,25,OSBS_026,Pinus palustris
205,20141124,41,2,2195,,339.4,29.8,,sbt,NTEF,25,OSBS_026,Quercus laevis
206,20141124,41,4,2196,,341.5,31.7,,sbt,,25,OSBS_026,Pinus palustris
207,20141124,41,2,2194,,340.8,27.5,,sbt,,25,OSBS_026,Quercus laevis
208,20141124,41,4,2197,,74.5,34,,sbt,,39,OSBS_026,Pinus palustris
209,20141124,41,2,2199,,347.1,24,,sbt,,25,OSBS_026,Pinus palustris
210,20141124,41,2,2200,,350.6,24.5,,sbt,,25,OSBS_026,Pinus palustris
211,20141124,41,2,2201,,351.5,24.6,,sbt,,25,OSBS_026,Pinus palustris
212,20141124,41,4,2202,,358.9,29.5,,sbt,,25,OSBS_026,Pinus palustris
213,20141124,41,2,2227,,358.3,19.9,,sbt,,25,OSBS_026,Pinus palustris
214,20141124,23,4,2228,,359.8,10.8,,sbt,,25,OSBS_026,Quercus laevis
215,20141124,23,2,2226,,326.6,10.5,,sbt,NTEF,25,OSBS_026,Pinus palustris
216,20141124,23,2,2223,,318.8,11.7,,sbt,,25,OSBS_026,Pinus palustris
217,20141124,23,3,2212,,320.1,16.4,,sbt,,25,OSBS_026,Quercus laevis
218,20141124,23,3,2214,,313.4,17.7,,sbt,NTEF,25,OSBS_026,Pinus palustris
219,20141124,23,3,2216,,310.8,18.9,,sbt,,25,OSBS_026,Pinus palustris
220,20141124,23,3,2217,,308.1,19.7,,sbt,,25,OSBS_026,Pinus palustris
221,20141124,23,3,2218,,304.4,18.8,,sbt,,25,OSBS_026,Pinus palustris
222,20141124,23,3,2219,,297.9,19.5,,sbt,,25,OSBS_026,Pinus palustris
223,20141124,23,1,2223,,280.9,19.9,,sbt,,25,OSBS_026,Quercus laevis
224,20141124,23,1,2221,,278.1,23,,sbt,,25,OSBS_026,Pinus palustris
225,20141124,23,1,2222,,273.1,22.4,,sbt,,25,OSBS_026,Quercus geminata Small
226,20141124,39,3,2232,,17.2,17.9,,sbt,,39,OSBS_026,Quercus laevis
227,20141124,39,1,2231,,28.1,5.4,,sbt,,39,OSBS_026,Pinus palustris
228,20141124,39,4,2189,,90.3,17.6,,sbt,NTEF,39,OSBS_026,Pinus palustris
229,20141124,39,4,2220,,102.6,17.5,,sbt,,39,OSBS_026,Pinus palustris
230,20141124,39,1,2229,,169.4,15.6,,sbt,,39,OSBS_026,Pinus palustris
231,20141124,39,1,2230,,155,10.3,,sbt,,39,OSBS_026,Pinus palustris
232,20141124,23,2,2779,,,,,sms,NTEF,,OSBS_026,Quercus laevis
233,20141124,23,2,2781,,,,,sms,,,OSBS_026,Quercus laevis
234,20141124,23,2,2780,,,,,sap,,,OSBS_026,Pinus palustris
235,20141124,23,2,2834,,,,,sms,,,OSBS_026,Quercus laevis
236,20141124,23,2,2835,,,,,sms,,,OSBS_026,Quercus laevis
237,20141124,23,2,2832,,,,,sap,,,OSBS_026,Pinus palustris
238,20141124,23,2,2833,,,,,sap,,,OSBS_026,Pinus palustris
239,20141124,23,4,2829,,,,,sap,,,OSBS_026,Pinus palustris
240,20141124,23,4,2828,,,,,sap,,,OSBS_026,Pinus palustris
241,20141124,23,4,2830,,,,,sap,,,OSBS_026,Pinus palustris
242,20141124,23,4,2827,,,,,sms,NTEF,,OSBS_026,Quercus laevis
243,20141124,23,4,2831,,,,,sms,,,OSBS_026,Quercus laevis
244,20141124,23,2,2836,,,,,smt,,,OSBS_026,Pinus palustris
245,20141124,23,4,2837,,,,,sap,,,OSBS_026,Pinus palustris
246,20141124,41,1,2776,,,,,sms,,,OSBS_026,Vaccinium arboreum
247,20141124,41,1,2775,,,,,smt,,,OSBS_026,Pinus palustris
248,20141124,41,1,2773,,,,,sap,,,OSBS_026,Pinus palustris
249,20141124,41,1,2774,,,,,smt,,,OSBS_026,Pinus palustris
250,20141124,41,4,2826,,,,,smt,,,OSBS_026,Pinus palustris
251,20141124,41,4,2824,,,,,smt,,,OSBS_026,Pinus palustris
252,20141124,41,4,2823,,,,,smt,,,OSBS_026,Pinus palustris
253,20141124,41,4,2725,,,,,sms,,,OSBS_026,Quercus laevis
254,20141124,39,3,2818,,,,,sms,NTEF,,OSBS_026,Quercus laevis
255,20141124,39,3,2769,,,,,sms,NTEF,,OSBS_026,Quercus laevis
256,20141124,39,3,2770,,,,cf. species,sms,,,OSBS_026,Asimina incana
257,20141124,39,3,2768,,,,,sap,,,OSBS_026,Pinus palustris
258,20141124,39,3,2817,,,,,sms,,,OSBS_026,Quercus laevis
259,20141124,39,1,2767,,,,,sms,,,OSBS_026,Quercus laevis
260,20141124,39,1,2816,,,,cf. species,sms,,,OSBS_026,Vaccinium arboreum
261,20141124,39,1,2815,,,,cf. species,sms,,,OSBS_026,Vaccinium arboreum
262,20141124,39,1,2809,,,,cf. species,sms,,,OSBS_026,Vaccinium arboreum
263,20141124,39,1,2811,,,,cf. species,sms,,,OSBS_026,Vaccinium arboreum
264,20141124,39,1,2814,,,,cf. species,sms,,,OSBS_026,Vaccinium arboreum
265,20141124,39,1,2766,,,,cf. species,sms,,,OSBS_026,Vaccinium arboreum
266,20141124,39,1,2813,,,,cf. species,sms,NTEF,,OSBS_026,Vaccinium arboreum
267,20141124,39,1,2810,,,,cf. species,sms,,,OSBS_026,Vaccinium arboreum
268,20141124,39,1,2765,,,,cf. species,sms,,,OSBS_026,Vaccinium arboreum
269,20141124,39,1,2764,,,,cf. species,sms,,,OSBS_026,Vaccinium arboreum
270,20141124,39,1,2812,,,,cf. species,sms,,,OSBS_026,Vaccinium arboreum
271,20141124,39,1,2763,,,,cf. species,sms,,,OSBS_026,Vaccinium arboreum
272,20141124,39,1,2755,,,,cf. species,sms,,,OSBS_026,Vaccinium arboreum
273,20141124,39,1,2757,,,,cf. species,sms,,,OSBS_026,Vaccinium arboreum
274,20141124,39,1,2761,,,,cf. species,sms,,,OSBS_026,Vaccinium arboreum
275,20141124,39,1,2756,,,,cf. species,sms,,,OSBS_026,Vaccinium arboreum
276,20141124,39,1,2758,,,,cf. species,sms,,,OSBS_026,Vaccinium arboreum
277,20141124,39,1,2760,,,,cf. species,sms,,,OSBS_026,Vaccinium arboreum
278,20141124,39,1,2759,,,,cf. species,sms,NTEF,,OSBS_026,Vaccinium arboreum
279,20141124,39,1,2762,,,,cf. species,sms,,,OSBS_026,Vaccinium arboreum
280,20141124,39,1,2754,,,,cf. species,sms,,,OSBS_026,Vaccinium arboreum
281,20141124,39,1,2808,,,,cf. species,sms,,,OSBS_026,Vaccinium arboreum
282,20141124,39,1,2804,,,,cf. species,sms,,,OSBS_026,Vaccinium arboreum
283,20141124,39,1,2803,,,,cf. species,sms,,,OSBS_026,Vaccinium arboreum
284,20141124,39,1,2806,,,,cf. species,sms,,,OSBS_026,Vaccinium arboreum
285,20141124,39,1,2807,,,,cf. species,sms,,,OSBS_026,Vaccinium arboreum
286,20141124,39,1,2805,,,,cf. species,sms,,,OSBS_026,Vaccinium arboreum
287,20141124,39,1,2801,,,,cf. species,sms,NTEF,,OSBS_026,Vaccinium arboreum
288,20141124,21,4,2771,,,,cf. species,sms,,,OSBS_026,Vaccinium arboreum
289,20141124,21,1,2772,,,,cf. species,sms,,,OSBS_026,Vaccinium arboreum
290,20141124,21,1,2802,,,,,sap,,,OSBS_026,Pinus palustris
291,20141124,21,1,2819,,,,,sms,,,OSBS_026,Quercus laevis
292,20141124,21,1,2820,,,,,sms,,,OSBS_026,Quercus laevis
293,20141124,21,1,2821,,,,,sms,,,OSBS_026,Quercus laevis
294,20141124,21,1,2822,,,,,sap,NTEF,,OSBS_026,Quercus laevis
295,20141125,41,4,2847,,352.7,13.6,cf. species,sbt,TE 1,43,OSBS_027,Quercus geminata
296,20141125,41,4,2848,,338.6,19,,sbt,,43,OSBS_027,Pinus palustris
297,20141125,41,4,2849,,339.6,20.2,,sbt,,43,OSBS_027,Pinus palustris
298,20141125,41,4,2846,,334.2,13.9,,sbt,,43,OSBS_027,Pinus palustris
299,20141125,41,4,2845,,319.5,15.1,,sbt,,43,OSBS_027,Pinus palustris
300,20141125,41,4,2852,,303.1,19.4,,sbt,,43,OSBS_027,Pinus palustris
301,20141125,41,4,2853,,301.3,22.3,,sbt,,43,OSBS_027,Pinus palustris
302,20141125,41,4,2850,,269.1,15.5,,sbt,,61,OSBS_027,Quercus laevis
303,20141125,39,4,2851,,302.5,27.4,,sbt,,43,OSBS_027,Pinus palustris
304,20141125,39,4,2864,,301.5,27.1,,sbt,,43,OSBS_027,Pinus palustris
305,20141125,39,4,2863,,295.3,26.1,,sbt,NTEF,43,OSBS_027,Pinus palustris
510,20141210,21,4,2519,,261.5,27.9,,sbt,,43,OSBS_028,Pinus palustris
511,20141210,21,4,2517,,263.2,20.2,,sbt,NTEF,43,OSBS_028,Quercus laevis
512,20141210,21,4,2518,,251,24.2,,sbt,,43,OSBS_028,Pinus palustris
513,20141210,21,1,2528,,246.9,40.3,,sbt,,43,OSBS_028,Pinus palustris
514,20141210,21,1,2527,,250,41.1,,sbt,,43,OSBS_028,Pinus palustris
515,20141210,21,2,2529,,228.3,25.2,,sbt,,43,OSBS_028,Pinus palustris
516,20141210,23,2,2534,,198.8,19.7,,sbt,,43,OSBS_028,Quercus laevis
517,20141210,23,4,2535,,213.8,9.4,,sbt,,43,OSBS_028,Quercus laevis
518,20141210,23,4,2536A,,214.9,5.7,,mbt,,43,OSBS_028,Quercus laevis
519,20141210,23,3,2532,,254,10.7,,sbt,,43,OSBS_028,Quercus laevis
520,20141210,23,3,2531,,264.2,10.3,,sbt,,43,OSBS_028,Quercus laevis
521,20141210,23,3,2533,,245.3,14.5,,sbt,NTEF,43,OSBS_028,Quercus laevis
522,20141210,23,3,2530,,261.1,16.6,,sms,,43,OSBS_028,Pinus palustris
523,20141210,41,1,2555,,,,,sms,,,OSBS_028,Quercus laevis
524,20141210,41,1,2572,,,,,smt,,,OSBS_028,Quercus laevis
525,20141210,41,1,2556,,,,,smt,,,OSBS_028,Quercus laevis
526,20141210,41,1,2557,,,,,smt,,,OSBS_028,Quercus laevis
527,20141210,41,1,2558,,,,,sms,,,OSBS_028,Quercus laevis
528,20141210,41,1,2573,,,,,sms,,,OSBS_028,Quercus laevis
529,20141210,41,4,2559,,,,,sms,,,OSBS_028,Quercus laevis
530,20141210,41,4,2563,,,,,sms,NTEF,,OSBS_028,Quercus laevis
531,20141210,41,4,2560,,,,,sms,NTEF,,OSBS_028,Quercus laevis
532,20141210,41,4,2561,,,,,sms,,,OSBS_028,Quercus laevis
533,20141210,41,4,2562,,,,,sms,,,OSBS_028,Quercus laevis
534,20141210,41,4,2564,,,,,sap,,,OSBS_028,Quercus laevis
535,20141210,41,4,2566,,,,,sms,,,OSBS_028,Quercus laevis
536,20141210,41,4,2553,,,,,smt,,,OSBS_028,Quercus laevis
537,20141210,41,4,2554,,,,,sms,,,OSBS_028,Quercus laevis
538,20141210,41,4,2565,,,,,sms,,,OSBS_028,Quercus laevis
539,20141210,41,4,2567,,,,,sms,,,OSBS_028,Quercus laevis
540,20141210,41,4,2568,,,,,sms,,,OSBS_028,Quercus laevis
541,20141210,41,4,2569,,,,,sms,NTEF,,OSBS_028,Quercus laevis
542,20141210,41,4,2574,,,,,sms,,,OSBS_028,Quercus laevis
543,20141210,41,4,2570,,,,,sms,,,OSBS_028,Quercus laevis
544,20141210,41,4,2571,,,,,sms,,,OSBS_028,Quercus laevis
545,20141210,21,4,2548,,,,,sap,,,OSBS_028,Pinus palustris
546,20141210,21,4,2550,,,,,smt,,,OSBS_028,Pinus palustris
547,20141210,21,4,2549,,,,,smt,,,OSBS_028,Pinus palustris
548,20141210,21,4,2546,,,,,sms,,,OSBS_028,Quercus laevis
549,20141210,21,4,2545,,,,,smt,,,OSBS_028,Quercus laevis
550,20141210,23,4,2547,,,,,sms,TE 1,,OSBS_028,Quercus laevis
551,20141210,23,4,2544,,,,,sms,NTEF,,OSBS_028,Quercus laevis
552,20141210,23,4,2552,,,,,sms,,,OSBS_028,Quercus laevis
553,20141210,23,4,2536B,,,,,smt,,,OSBS_028,Quercus laevis
554,20141210,23,2,2551,,,,,smt,,,OSBS_028,Quercus laevis
555,20141210,23,2,2542,,,,,smt,,,OSBS_028,Quercus laevis
556,20141210,23,2,2541,,,,,sms,,,OSBS_028,Quercus laevis
557,20141210,23,2,2540,,,,,smt,,,OSBS_028,Pinus palustris
558,20141210,23,2,2537,,,,,smt,NTEF,,OSBS_028,Pinus palustris
559,20141210,23,2,2539,,,,,sms,,,OSBS_028,Quercus laevis
560,20141210,23,2,2538,,,,,sms,NTEF,,OSBS_028,Quercus laevis
561,20141118,41,,2030,,91.4,15.5,,smt,NTEF,41,OSBS_029,Quercus laevis
562,20141118,41,,2029,,88.4,15.1,,smt,,41,OSBS_029,Quercus laevis
563,20141118,41,,2031,,86.1,13.1,,smt,,41,OSBS_029,Quercus laevis
564,20141118,41,,2035,,72.6,7.8,,smt,,41,OSBS_029,Quercus laevis
565,20141118,41,,2034,,67.5,9.3,,smt,,41,OSBS_029,Pinus palustris
566,20141118,41,,2100,,67.2,18,,sbt,,41,OSBS_029,Quercus laevis
567,20141118,41,,2101,,63.3,18.4,,sbt,,41,OSBS_029,Quercus laevis
568,20141118,41,,2109,,61.7,11.4,,sbt,,41,OSBS_029,Quercus laevis
569,20141118,41,,2102,,58.3,15,,sbt,,41,OSBS_029,Quercus laevis
570,20141118,41,,2106,,58.1,21.5,,sbt,,41,OSBS_029,Quercus laevis
571,20141118,41,,2103,,55.2,14.5,,sbt,NTEF,41,OSBS_029,Quercus laevis
572,20141118,41,,2032,,55.3,15.4,,smt,,41,OSBS_029,Quercus laevis
573,20141118,41,,2104,,51.1,14.6,,sbt,,41,OSBS_029,Quercus laevis
574,20141118,41,,2111,,49.8,9.4,,sbt,,41,OSBS_029,Quercus laevis
575,20141118,41,,2036,,41.9,6,,smt,,41,OSBS_029,Quercus laevis
576,20141118,41,,2037,,38.9,7.3,,smt,,41,OSBS_029,Quercus laevis
577,20141118,41,,2105,,46.3,51.6,,sbt,,41,OSBS_029,Quercus laevis
578,20141118,41,,2033,,44,21,,smt,,41,OSBS_029,Quercus laevis
579,20141118,41,,2108,,44.9,26.3,,sbt,,41,OSBS_029,Quercus laevis
580,20141118,41,,2107,,88.7,19.7,,sbt,NTEF,59,OSBS_029,Quercus laevis
581,20141125,39,4,2862,,292.9,29.2,,sbt,,43,OSBS_027,Pinus palustris
582,20141125,39,3,2861,,290.5,30.2,,sbt,,43,OSBS_027,Quercus laevis
583,20141125,39,3,2858,,284,34.7,,sbt,,43,OSBS_027,Quercus laevis
584,20141125,39,3,2859,,295,39.3,,sbt,,43,OSBS_027,Pinus palustris
585,20141125,39,3,2860,,297.3,40.8,,sbt,,43,OSBS_027,Pinus palustris
586,20141125,39,1,2857,,278.7,37.5,,sbt,,43,OSBS_027,Quercus laevis
587,20141125,39,1,2856,,277.4,39.3,,mbt,,43,OSBS_027,Quercus laevis
588,20141125,21,4,2865,,266,30.6,,sbt,,43,OSBS_027,Quercus laevis
589,20141125,21,4,2866,,262.5,29.8,,sbt,NTEF,43,OSBS_027,Pinus palustris
590,20141125,39,1,2856b,,277.4,39.3,,mbt,,43,OSBS_027,Quercus laevis
591,20141125,39,1,2856c,,277.4,39.3,,mbt,,43,OSBS_027,Quercus laevis
592,20141125,21,3,2867,,253.8,35.8,,sbt,NTEF,43,OSBS_027,Pinus palustris
593,20141125,21,1,2868,,251.5,35.2,,sbt,,43,OSBS_027,Pinus palustris
594,20141125,21,2,2869,,248,29,,sbt,,43,OSBS_027,Pinus palustris
595,20141125,21,2,2870,,246.3,27.2,,sbt,,43,OSBS_027,Pinus palustris
596,20141125,21,2,2871,,245.2,22.7,,sbt,,43,OSBS_027,Pinus palustris
597,20141125,21,2,2872,,243,28,,sbt,,43,OSBS_027,Pinus palustris
598,20141125,21,2,2873,,237.6,29.9,,sbt,,43,OSBS_027,Pinus palustris
599,20141125,23,1,2841,,223.7,25.5,,sbt,,43,OSBS_027,Pinus palustris
600,20141125,23,1,2840,,215.8,22,,sbt,,43,OSBS_027,Pinus palustris
601,20141125,23,2,2838,,213.6,14.1,,sbt,,43,OSBS_027,Pinus palustris
602,20141125,23,4,2842,,241.3,9.7,,sbt,,43,OSBS_027,Quercus laevis
603,20141125,41,2,2843,,305.9,4.8,,sbt,,43,OSBS_027,Pinus palustris
604,20141125,41,2,2844,,298.4,11.8,,sbt,,43,OSBS_027,Pinus palustris
605,20141125,23,2,2839,,286.6,10.8,,sbt,NTEF,25,OSBS_027,Pinus palustris
606,20141125,23,2,2921,,,,,sms,,,OSBS_027,Quercus laevis
607,20141125,23,2,2920,,,,,sms,,,OSBS_027,Quercus laevis
608,20141125,23,2,2919,,,,,sms,,,OSBS_027,Quercus laevis
609,20141125,23,2,2918,,,,,sms,,,OSBS_027,Quercus laevis
610,20141125,23,2,2917,,,,,sms,,,OSBS_027,Quercus laevis
611,20141125,23,2,2922,,,,,sms,,,OSBS_027,Quercus laevis
612,20141125,23,2,2927,,,,,sms,,,OSBS_027,Quercus laevis
613,20141125,23,2,2925,,,,,sms,,,OSBS_027,Quercus laevis
614,20141125,23,2,2924,,,,,sms,,,OSBS_027,Quercus laevis
615,20141125,23,2,2923,,,,,sms,NTEF,,OSBS_027,Quercus laevis
616,20141125,23,2,2914,,,,,sms,,,OSBS_027,Quercus laevis
617,20141125,23,4,2915,,,,,sms,,,OSBS_027,Quercus laevis
618,20141125,23,4,2913,,,,,sms,,,OSBS_027,Quercus laevis
619,20141125,23,4,2912,,,,,sms,,,OSBS_027,Quercus laevis
620,20141125,23,4,2902,,,,,sms,,,OSBS_027,Quercus laevis
621,20141125,23,4,2903,,,,,sms,,,OSBS_027,Quercus laevis
622,20141125,23,4,2904,,,,,sms,,,OSBS_027,Quercus laevis
623,20141125,23,4,2909,,,,,sms,,,OSBS_027,Quercus laevis
624,20141125,23,4,2910,,,,,sms,,,OSBS_027,Quercus laevis
625,20141125,23,4,2911,,,,,sms,NTEF,,OSBS_027,Quercus laevis
626,20141125,23,4,2907,,,,,sms,,,OSBS_027,Quercus laevis
627,20141125,23,4,2906,,,,,sms,,,OSBS_027,Quercus laevis
628,20141125,23,4,2905,,,,,sms,,,OSBS_027,Quercus laevis
629,20141125,23,2,2916,,,,,sms,,,OSBS_027,Quercus laevis
630,20141125,21,1,2791,,,,,sms,,,OSBS_027,Quercus laevis
631,20141125,21,1,2789,,,,,sms,,,OSBS_027,Quercus laevis
632,20141125,21,1,2790,,,,,sms,,,OSBS_027,Quercus laevis
633,20141125,21,1,2793,,,,,sms,,,OSBS_027,Quercus laevis
634,20141125,21,1,2792,,,,,sms,,,OSBS_027,Quercus laevis
635,20141125,21,1,2796,,,,,sms,NTEF,,OSBS_027,Quercus laevis
636,20141125,21,1,2795,,,,,sms,,,OSBS_027,Quercus laevis
637,20141125,21,1,2794,,,,,sms,,,OSBS_027,Quercus laevis
638,20141125,23,4,2908,,,,,sms,NTEF,,OSBS_027,Quercus laevis
639,20141125,21,1,2797,,,,,sms,,,OSBS_027,Quercus laevis
640,20141125,21,1,2884,,,,,sms,NTEF,,OSBS_027,Quercus laevis
641,20141125,21,1,2798,,,,,sms,,,OSBS_027,Quercus laevis
642,20141125,21,1,2885,,,,,sms,,,OSBS_027,Quercus laevis
643,20141125,21,1,2883,,,,,sms,,,OSBS_027,Quercus laevis
644,20141125,21,1,2882,,,,,sms,,,OSBS_027,Quercus laevis
645,20141125,21,1,2881,,,,,sms,,,OSBS_027,Quercus laevis
646,20141125,21,1,2886,,,,,sms,,,OSBS_027,Quercus laevis
647,20141125,21,1,2887,,,,,sms,,,OSBS_027,Quercus laevis
648,20141125,21,1,2880,,,,,sms,,,OSBS_027,Quercus laevis
649,20141125,21,4,2875,,,,cf. species,sms,,,OSBS_027,Vaccinium arboreum
650,20141125,21,4,2952,,,,cf. species,sms,NTEF,,OSBS_027,Vaccinium arboreum
651,20141125,21,4,2876,,,,cf. species,sms,,,OSBS_027,Vaccinium arboreum
652,20141125,21,4,2877,,,,cf. species,sms,,,OSBS_027,Vaccinium arboreum
653,20141125,21,4,2878,,,,cf. species,sms,,,OSBS_027,Vaccinium arboreum
654,20141125,21,4,2782,,,,,sms,,,OSBS_027,Quercus laevis
655,20141125,21,4,2788,,,,,sms,,,OSBS_027,Quercus laevis
656,20141125,21,4,2879,,,,,sms,,,OSBS_027,Quercus laevis
657,20141125,21,4,2784,,,,,sms,,,OSBS_027,Quercus laevis
658,20141125,21,4,2785,,,,,sms,,,OSBS_027,Quercus laevis
659,20141125,21,4,2783,,,,,sms,,,OSBS_027,Quercus laevis
660,20141125,21,4,2786,,,,,sms,,,OSBS_027,Quercus laevis
661,20141125,21,4,2787,,,,,sms,NTEF,,OSBS_027,Quercus laevis
662,20141125,39,1,2889,,,,,sap,NTEF,,OSBS_027,Pinus palustris
663,20141125,39,1,2888,,,,,sms,,,OSBS_027,Quercus laevis
664,20141125,39,1,2799,,,,,sms,,,OSBS_027,Quercus laevis
665,20141125,39,1,2800,,,,,sms,,,OSBS_027,Quercus laevis
666,20141125,39,1,2890,,,,,sms,,,OSBS_027,Quercus laevis
667,20141125,39,1,2893,,,,,sms,,,OSBS_027,Quercus laevis
668,20141125,39,1,2892,,,,,sms,,,OSBS_027,Quercus laevis
669,20141125,39,1,2891,,,,,sms,,,OSBS_027,Quercus laevis
670,20141125,39,1,2931,,,,,smt,,,OSBS_027,Quercus laevis
671,20141125,39,1,2894,,,,,sms,,,OSBS_027,Quercus laevis
672,20141125,39,1,2932,,,,,sms,NTEF,,OSBS_027,Quercus laevis
673,20141125,39,1,2898,,,,,sms,,,OSBS_027,Quercus laevis
674,20141125,39,3,2899,,,,,sms,,,OSBS_027,Quercus laevis
675,20141125,39,3,2897,,,,,sms,,,OSBS_027,Quercus laevis
676,20141125,39,3,2934,,,,,sms,,,OSBS_027,Quercus laevis
677,20141125,39,3,2896,,,,,sms,,,OSBS_027,Quercus laevis
678,20141125,39,3,2895,,,,,sms,,,OSBS_027,Quercus laevis
679,20141125,39,3,2900,,,,,sms,,,OSBS_027,Quercus laevis
680,20141125,39,3,2937,,,,,sms,,,OSBS_027,Quercus laevis
681,20141125,39,3,2935,,,,,sms,,,OSBS_027,Quercus laevis
682,20141125,39,3,2901,,,,,sms,NTEF,,OSBS_027,Quercus laevis
683,20141125,39,3,2936,,,,,sap,,,OSBS_027,Pinus palustris
684,20141125,39,3,2933,,,,,smt,,,OSBS_027,Pinus palustris
685,20141125,41,1,2928,,,,,smt,NTEF,,OSBS_027,Pinus palustris
686,20141125,41,1,2929,,,,,smt,,,OSBS_027,Pinus palustris
687,20141125,41,1,2930,,,,,smt,,,OSBS_027,Pinus palustris
688,20141125,41,1,2943,,,,,sms,,,OSBS_027,Quercus laevis
689,20141125,41,1,2944,,,,,sms,,,OSBS_027,Quercus laevis
690,20141125,41,1,2941,,,,,sms,,,OSBS_027,Quercus laevis
691,20141125,41,1,2940,,,,,sms,,,OSBS_027,Quercus laevis
692,20141125,41,1,2939,,,,,sms,,,OSBS_027,Quercus laevis
693,20141125,41,1,2938,,,,,sms,,,OSBS_027,Quercus laevis
694,20141125,41,1,2942,,,,cf. species,sms,,,OSBS_027,Asimina incana
695,20141125,41,4,2945,,,,,sms,NTEF,,OSBS_027,Quercus laevis
696,20141125,41,4,2946,,,,,sms,,,OSBS_027,Quercus laevis
697,20141125,41,4,2947,,,,,sms,,,OSBS_027,Quercus laevis
698,20141125,41,4,2948,,,,,smt,,,OSBS_027,Pinus palustris
699,20141125,41,4,2949,,,,,smt,NTEF,,OSBS_027,Pinus palustris
700,20141210,41,4,2509,,330.2,12.9,,sbt,NTEF,43,OSBS_028,Pinus palustris
701,20141210,41,3,2510,,319.4,22.8,,sbt,,43,OSBS_028,Pinus palustris
702,20141210,41,3,2511,,311.6,21.9,,sbt,,43,OSBS_028,Pinus palustris
703,20141210,39,3,2512,,291.6,40.5,,sbt,,43,OSBS_028,Pinus palustris
704,20141210,39,1,2515,,278.9,34.6,,sbt,,43,OSBS_028,Pinus palustris
705,20141210,39,1,2514,,279.6,36.5,,sbt,,43,OSBS_028,Quercus laevis
706,20141210,39,1,2513,,283.4,39.3,,sbt,,43,OSBS_028,Quercus laevis
707,20141210,39,2,2516,,272.1,25.1,,sbt,,43,OSBS_028,Pinus palustris
708,20141210,21,3,2521,,270.7,35.6,,sbt,,43,OSBS_028,Pinus palustris
709,20141210,21,3,2522,,267.1,38,,sbt,NTEF,43,OSBS_028,Quercus laevis
710,20141210,21,3,2523,,265.6,37.3,,sbt,,43,OSBS_028,Quercus laevis
711,20141210,21,3,2525,,265.3,38.4,,sbt,,43,OSBS_028,Quercus laevis
712,20141210,21,3,2524,,264.6,38.3,,sbt,,43,OSBS_028,Quercus laevis
713,20141210,21,3,2526,,259.3,35.3,,sbt,,43,OSBS_028,Pinus palustris
714,20141210,21,4,2520,,264.4,31.6,,sbt,,43,OSBS_028,Pinus palustris
715,20141118,41,,2110,,86.2,20.4,,sbt,NTEF,41,OSBS_029,Quercus laevis
716,20141118,41,,2114,,22.4,15.5,,sbt,,41,OSBS_029,Quercus laevis
717,20141118,41,,2112,,16.5,8.6,,sbt,,41,OSBS_029,Quercus laevis
718,20141118,41,,2113,,8.5,9,,sbt,,41,OSBS_029,Pinus palustris
719,20141118,41,,2076,,359.7,13.3,,smt,,41,OSBS_029,Pinus palustris
720,20141118,41,,2077,,355.3,13.5,,smt,,41,OSBS_029,Pinus palustris
721,20141118,41,,2117,,357.5,17.4,,sbt,,41,OSBS_029,Quercus laevis
722,20141118,41,,2120,,0.7,19.3,,sbt,,41,OSBS_029,Pinus palustris
723,20141118,39,,2040,,357.9,17.4,,smt,,39,OSBS_029,Pinus palustris
724,20141118,39,,2125,,358.5,16.8,,sbt,,39,OSBS_029,Quercus laevis
725,20141118,39,,2041,,0.7,16.7,,smt,NTEF,39,OSBS_029,Pinus palustris
726,20141118,39,,2042,,5.4,15.4,,smt,,39,OSBS_029,Pinus palustris
727,20141118,39,,2129,,4,14.8,,sbt,,39,OSBS_029,Pinus palustris
728,20141118,39,,2126,,4.6,17.2,,sbt,,39,OSBS_029,Quercus laevis
729,20141118,39,,2039,,13.4,18.7,,smt,,39,OSBS_029,Pinus palustris
730,20141118,39,,2127,,7.7,16.3,,sbt,,39,OSBS_029,Quercus laevis
731,20141118,39,,2121,,26.6,19.9,,sbt,,39,OSBS_029,Quercus laevis
732,20141118,39,,2044,,27.8,3.8,,smt,,39,OSBS_029,Quercus laevis
733,20141118,39,,2043,,29.9,12.2,,smt,,39,OSBS_029,Pinus palustris
734,20141118,39,,2131,,34.2,12.5,,sbt,,39,OSBS_029,Pinus palustris
735,20141118,39,,2138,,30.9,19.3,,smt,NTEF,39,OSBS_029,Pinus palustris
736,20141118,39,,2128,,37.1,17.5,,sbt,,39,OSBS_029,Quercus laevis
737,20141118,39,,2124,,46.3,18.6,,sbt,,39,OSBS_029,Pinus palustris
738,20141118,39,,2122,,49.6,17,,sbt,NTEF,39,OSBS_029,Quercus laevis
739,20141118,39,,2130,,52.7,14.6,,sbt,,39,OSBS_029,Quercus laevis
740,20141118,39,,2079,,59,19.2,,sap,,39,OSBS_029,Pinus palustris
741,20141118,39,,2132,,62.3,12.3,,sbt,,39,OSBS_029,Quercus laevis
742,20141118,39,,2078,,68,18,,sap,,39,OSBS_029,Pinus palustris
743,20141118,39,,2134,,69.3,15.1,,sbt,,39,OSBS_029,Quercus laevis
744,20141118,39,,2133,,70.7,11.7,,sbt,,39,OSBS_029,Quercus laevis
745,20141118,39,,2080,,71.8,17.9,,sap,NTEF,39,OSBS_029,Pinus palustris
746,20141118,39,,2138,,71.6,19.1,,sbt,,39,OSBS_029,Quercus laevis
747,20141118,39,,2137,,79.6,17.9,,sbt,,39,OSBS_029,Quercus laevis
748,20141118,39,,2046,,80.3,17.4,,smt,,39,OSBS_029,Quercus laevis
749,20141118,39,,2135,,85.4,12,,sbt,,39,OSBS_029,Quercus laevis
750,20141118,21,,2136,,33.4,23.2,,sbt,,21,OSBS_029,Quercus laevis
751,20141118,21,,2140,,19.8,20.2,,sbt,,21,OSBS_029,Quercus laevis
752,20141118,39,,2049,,101.6,2.1,,smt,,39,OSBS_029,Quercus laevis
753,20141118,39,,2050,,101.6,2.6,,smt,,39,OSBS_029,Quercus laevis
754,20141118,39,,2047,,117.2,3.2,,smt,,39,OSBS_029,Quercus laevis
755,20141118,39,,2088,,130.6,3.8,,sap,NTEF,39,OSBS_029,Quercus laevis
756,20141118,39,,2141,,156.1,4.3,,sbt,,39,OSBS_029,Pinus palustris
757,20141118,39,,2051,,122.3,5.3,,smt,,39,OSBS_029,Quercus laevis
758,20141118,39,,2053,,157.2,5.9,,smt,,39,OSBS_029,Quercus laevis
759,20141118,39,,2052A,,141.7,7.3,,mbt,,39,OSBS_029,Quercus laevis
760,20141118,39,,2052B,,136.4,7.2,,mbt,,39,OSBS_029,Quercus laevis
761,20141118,21,,2060,,349.1,12.5,,smt,NTEF,23,OSBS_029,Quercus laevis
762,20141118,21,,2063,,355.7,12.8,,smt,,23,OSBS_029,Quercus laevis
763,20141118,21,,2152,,319.2,2.1,,sbt,,23,OSBS_029,Quercus laevis
764,20141118,21,,2069,,275.9,2.1,,smt,,23,OSBS_029,Quercus laevis
765,20141118,23,,2167,,18.9,4.9,,sbt,,23,OSBS_029,Quercus laevis
766,20141118,23,,2154,,44.9,4.9,,sbt,,23,OSBS_029,Quercus laevis
767,20141118,23,,2156,,84.3,4.2,,sbt,,23,OSBS_029,Quercus laevis
768,20141118,23,,2070,,86.4,10.7,,smt,,23,OSBS_029,Quercus laevis
769,20141118,23,,2157,,82.1,10.1,,sbt,,23,OSBS_029,Quercus laevis
770,20141118,23,,2160,,54.5,8.3,,sbt,,23,OSBS_029,Quercus laevis
771,20141118,23,,2161,,2.9,9.6,,sbt,NTEF,23,OSBS_029,Quercus laevis
772,20141118,23,,2075,,155.6,10.4,,sap,,41,OSBS_029,Quercus laevis
773,20141118,23,,2163,,122.8,4,,sbt,,41,OSBS_029,Pinus palustris
774,20141118,23,,2164,,127.7,4.6,,sbt,,41,OSBS_029,Quercus laevis
775,20141118,23,,2166,,114.3,6.4,,sbt,,41,OSBS_029,Quercus laevis
776,20141118,23,,2165A,,124.1,7.8,,mbt,,41,OSBS_029,Quercus laevis
777,20141118,23,,2165B,,122.7,7.9,,mbt,,41,OSBS_029,Quercus laevis
778,20141118,23,,2072,,121,8.9,,smt,,41,OSBS_029,Quercus laevis
779,20141118,23,,2073,,108.9,14,,smt,,41,OSBS_029,Quercus laevis
780,20141118,23,,2159,,93.8,19.8,,sbt,,41,OSBS_029,Quercus laevis
781,20141118,21,,2147,,0.8,12.3,,sbt,NTEF,21,OSBS_029,Quercus laevis
782,20141118,21,,2142,,7.8,12.7,,sbt,,21,OSBS_029,Quercus laevis
783,20141118,21,,2054,,6.8,10.6,,smt,,21,OSBS_029,Quercus laevis
784,20141118,21,,2055,,243.9,12.4,,sbt,NTEF,41,OSBS_029,Quercus laevis
785,20141118,21,,2143,,39.6,14.3,,sbt,,21,OSBS_029,Pinus palustris
786,20141118,21,,2056,,323.5,13.5,,sbt,,23,OSBS_029,Quercus laevis
787,20141118,21,,2146,,41.1,11.5,,sbt,,21,OSBS_029,Pinus palustris
788,20141118,21,,2148,,47.5,5.6,,sbt,,21,OSBS_029,Quercus laevis
789,20141118,21,,2091,,38.7,5.7,,sap,,21,OSBS_029,Quercus laevis
790,20141118,21,,2089,,31.2,4.8,,smt,,21,OSBS_029,Quercus laevis
791,20141118,21,,2090,,29.6,5.5,,sbt,,21,OSBS_029,Quercus laevis
792,20141118,21,,2151,,72.8,9.9,,sbt,,21,OSBS_029,Quercus laevis
793,20141118,21,,2068,,68.8,13.1,,smt,,21,OSBS_029,Quercus laevis
794,20141118,21,,2067,,62.5,13.1,,smt,NTEF,21,OSBS_029,Pinus palustris
795,20141118,21,,2150,,61,13.9,,sbt,,21,OSBS_029,Quercus laevis
796,20141118,21,,2149,,55.1,14.5,,sbt,,21,OSBS_029,Quercus laevis
797,20141118,21,,2066,,55.5,16.7,,smt,,21,OSBS_029,Quercus laevis
798,20141118,21,,2057,,49.4,20.2,,smt,,21,OSBS_029,Quercus laevis
799,20141118,21,,2059,,55,19.3,,smt,,21,OSBS_029,Quercus laevis
800,20141118,21,,2064,,315.8,9.8,,smt,,23,OSBS_029,Quercus laevis
801,20141118,23,,2071,,280,5.4,,smt,,25,OSBS_029,Pinus palustris
802,20141118,23,,2158,,301.3,5.6,,sbt,,25,OSBS_029,Quercus laevis
803,20141118,23,,2087,,334.4,3.7,,sap,,25,OSBS_029,Pinus palustris
804,20141118,23,,2085,,156.7,9.1,,sap,NTEF,23,OSBS_029,Pinus palustris
805,20141118,41,,2092,,337.6,5.5,,sms,,43,OSBS_029,Quercus laevis
806,20141118,41,,2093,,356.5,13.4,,sms,,43,OSBS_029,Quercus laevis
807,20141118,41,,2094,,351.9,18,,sms,NTEF,43,OSBS_029,Quercus laevis
808,20141118,41,,2095,,350.7,18,,sms,,43,OSBS_029,Quercus laevis
809,20141118,41,,2096,,343.9,14.2,,sms,,43,OSBS_029,Quercus laevis
810,20141118,41,,2097,,345.7,20.7,,sms,,43,OSBS_029,Quercus laevis
811,20141118,41,,2098,,340.6,16.2,,sms,,43,OSBS_029,Quercus laevis
812,20141118,41,,2099,,335.8,17.4,,sms,,43,OSBS_029,Quercus laevis
813,20141118,41,,2168,,321.9,15.8,,sms,,43,OSBS_029,Quercus laevis
814,20141118,41,,2169,,323.8,22.2,,sms,,43,OSBS_029,Quercus laevis
815,20141118,41,,2170,,287,9.9,,sms,,43,OSBS_029,Quercus laevis
816,20141118,41,,2074,,285.1,11.4,,sms,,43,OSBS_029,Quercus laevis
817,20141118,41,,2172,,274.3,12.6,,sms,NTEF,43,OSBS_029,Quercus laevis
818,20141118,23,,2173,,255,3.3,,sms,,43,OSBS_029,Quercus laevis
819,20141118,23,,2174,,183.1,6,,sms,,43,OSBS_029,Quercus laevis
820,20141118,23,,2175,,230.2,17,,sms,,43,OSBS_029,Quercus laevis
821,20141118,23,,2176,,221.3,22.9,,sms,,43,OSBS_029,Quercus laevis
822,20141118,23,,2177,,77.6,19.9,,sms,,21,OSBS_029,Quercus laevis
823,20141118,21,,2178,,69.3,20.2,,sms,,21,OSBS_029,Quercus laevis
824,20141118,21,,2179,,56.4,20,,sms,,21,OSBS_029,Quercus laevis
825,20141118,21,,2180,,69.5,16.3,,sms,,21,OSBS_029,Quercus laevis
826,20141118,21,,2181,,58.9,14.7,,sms,,21,OSBS_029,Asimina incana
827,20141118,21,,2182,,15,8.2,,sms,NTEF,21,OSBS_029,Quercus laevis
828,20141118,21,,2183,,1.9,13.6,,sms,,21,OSBS_029,Quercus laevis
829,20141118,39,,2184,,17.9,20.4,,sms,,21,OSBS_029,Quercus laevis
830,20141118,39,,2185,,13.3,6.5,,sms,NTEF,39,OSBS_029,Quercus laevis
831,20141118,39,,2186,,20.4,8.7,,sms,,39,OSBS_029,Quercus laevis
832,20141118,39,,2187,,89,14.9,,sms,,39,OSBS_029,Quercus laevis
833,20141118,39,,2188,,73.6,14.2,,sms,NTEF,39,OSBS_029,Quercus laevis
834,20141202,39,2,3139,,185.5,12,,sbt,NTEF,59,OSBS_030,Pinus palustris
835,20141202,39,2,3138,,194.3,14.2,,sbt,,59,OSBS_030,Pinus palustris
836,20141202,39,2,3142,,200.3,14,,sbt,,59,OSBS_030,Pinus palustris
837,20141202,39,2,3140,,197,13.5,,sbt,,59,OSBS_030,Pinus palustris
838,20141202,39,4,3146,,196.2,10,,sbt,,59,OSBS_030,Pinus palustris
839,20141202,39,2,3143,,212.1,16.6,,sbt,,59,OSBS_030,Pinus palustris
840,20141202,39,2,3141,,208.6,17.7,,sbt,,59,OSBS_030,Pinus palustris
841,20141202,39,2,3147,,204.2,21,,sbt,,59,OSBS_030,Pinus palustris
842,20141202,39,2,3144,,214.5,19.9,,sbt,,59,OSBS_030,Pinus palustris
843,20141202,39,2,3145,,229.7,18.5,,sbt,,59,OSBS_030,Pinus palustris
844,20141202,39,2,3131,,221.4,25.8,,sbt,NTEF,59,OSBS_030,Pinus palustris
845,20141202,39,2,3151,,169.8,11,,sbt,,59,OSBS_030,Pinus palustris
846,20141202,41,1,3152,,175.7,4.9,,sbt,,59,OSBS_030,Pinus palustris
847,20141202,41,3,3153,,162.8,7.6,,sbt,,59,OSBS_030,Pinus palustris
848,20141202,41,3,3148A,,134.2,11.5,,mbt,,59,OSBS_030,Quercus laevis
849,20141202,41,3,3149,,116.1,8.4,,sbt,,59,OSBS_030,Pinus palustris
850,20141202,23,4,3115,,56,20.2,,sbt,NTEF,23,OSBS_030,Pinus palustris
851,20141202,23,4,3116,,56.7,18.9,,sbt,,23,OSBS_030,Pinus palustris
852,20141202,23,2,3117,,72.3,11.8,,sbt,,23,OSBS_030,Pinus palustris
853,20141202,23,1,3119,,7.8,9.1,,sbt,,23,OSBS_030,Quercus laevis
854,20141202,23,3,3155,,0,12,,sbt,,23,OSBS_030,Pinus palustris
855,20141202,21,2,3188,,355.6,5.6,,sbt,,23,OSBS_030,Quercus laevis
856,20141202,21,2,3120,,316.2,8.2,,sbt,,23,OSBS_030,Pinus palustris
857,20141202,21,4,3134,,342.5,12.8,,sbt,,23,OSBS_030,Pinus palustris
858,20141202,21,4,3135,,351.7,18.7,,sbt,,23,OSBS_030,Pinus palustris
859,20141202,21,4,3136,,345.3,18.9,,sbt,,23,OSBS_030,Pinus palustris
860,20141202,21,4,3137,,343.6,20.3,,sbt,NTEF,23,OSBS_030,Pinus palustris
861,20141202,21,2,3150,,317.2,6.5,,sbt,,23,OSBS_030,Pinus palustris
862,20141202,21,2,3122,,307,11.7,,sbt,,23,OSBS_030,Pinus palustris
863,20141202,21,1,3121,,304.6,11.6,,sbt,,23,OSBS_030,Quercus laevis
864,20141202,21,1,3123,,292.7,13.3,,sbt,,23,OSBS_030,Pinus palustris
865,20141202,21,1,3124,,281.9,14,,sbt,,23,OSBS_030,Pinus palustris
866,20141202,21,3,3133,,309.7,15,,sbt,,23,OSBS_030,Pinus palustris
867,20141202,21,3,3125,,302.1,16.1,,sbt,,23,OSBS_030,Pinus palustris
868,20141202,21,3,3126A,,298.1,17.9,,mbt,,23,OSBS_030,Pinus palustris
869,20141202,21,3,3127,,300.2,21.9,,sbt,,23,OSBS_030,Quercus laevis
870,20141202,21,3,3132,,311.1,19.4,,sbt,NTEF,23,OSBS_030,Pinus palustris
871,20141202,21,3,3128,,315.4,19.3,,sbt,,23,OSBS_030,Pinus palustris
872,20141202,21,3,3130,,323.8,23.2,,sbt,,23,OSBS_030,Pinus palustris
873,20141202,21,3,3129,,320.3,23.8,,sbt,,23,OSBS_030,Pinus palustris
874,20141202,21,2,3184,,,,,sap,,,OSBS_030,Pinus palustris
875,20141202,41,2,3156,,,,,smt,,,OSBS_030,Pinus palustris
876,20141202,41,4,3188,,,,,smt,,,OSBS_030,Pinus palustris
877,20141202,41,4,3189,,,,,smt,,,OSBS_030,Pinus palustris
878,20141202,41,3,3187,,,,,smt,,,OSBS_030,Pinus palustris
879,20141202,41,3,3171,,,,,smt,,,OSBS_030,Pinus palustris
880,20141202,41,3,3169,,,,,smt,,,OSBS_030,Pinus palustris
881,20141202,41,3,3168,,,,,smt,,,OSBS_030,Pinus palustris
882,20141202,41,3,3170,,,,,smt,,,OSBS_030,Pinus palustris
883,20141202,41,3,3172,,,,,smt,NTEF,,OSBS_030,Pinus palustris
884,20141202,41,3,3167,,,,,smt,,,OSBS_030,Pinus palustris
885,20141202,41,3,3166,,,,,smt,,,OSBS_030,Pinus palustris
886,20141202,41,3,3165,,,,,smt,,,OSBS_030,Pinus palustris
887,20141202,41,3,3164,,,,,smt,,,OSBS_030,Pinus palustris
888,20141202,41,3,3173,,,,,smt,,,OSBS_030,Pinus palustris
889,20141202,41,3,3174,,,,,smt,,,OSBS_030,Pinus palustris
890,20141202,41,1,3175,,,,,smt,,,OSBS_030,Pinus palustris
891,20141202,41,1,3185,,,,,smt,,,OSBS_030,Pinus palustris
892,20141202,41,1,3176,,,,,smt,,,OSBS_030,Pinus palustris
893,20141202,41,1,3177,,,,,smt,NTEF,,OSBS_030,Pinus palustris
894,20141202,41,1,3178,,,,,smt,,,OSBS_030,Pinus palustris
895,20141202,39,4,3154,,,,,smt,,,OSBS_030,Pinus palustris
896,20141202,39,4,3160,,,,,smt,,,OSBS_030,Pinus palustris
897,20141202,39,2,3157,,,,,smt,,,OSBS_030,Pinus palustris
898,20141202,39,2,3186,,,,,sap,,,OSBS_030,Pinus palustris
899,20141202,39,2,3162,,,,,smt,,,OSBS_030,Pinus palustris
900,20141202,39,2,3163,,,,,smt,,,OSBS_030,Pinus palustris
901,20141202,39,2,3161,,,,,smt,,,OSBS_030,Pinus palustris
902,20141202,39,1,3159,,,,,smt,,,OSBS_030,Pinus palustris
903,20141202,39,1,3179,,,,,smt,NTEF,,OSBS_030,Pinus palustris
904,20141202,39,1,3180,,,,,smt,,,OSBS_030,Pinus palustris
905,20141202,39,3,3158,,,,,smt,,,OSBS_030,Pinus palustris
906,20141202,39,3,3181,,,,,smt,,,OSBS_030,Pinus palustris
907,20141202,39,3,3182,,,,,smt,,,OSBS_030,Pinus palustris
908,20141202,39,3,3183,,,,,smt,NTEF,,OSBS_030,Pinus palustris
909,20141204,21,3,3369,,104.4,4.8,,sbt,NTEF,39,OSBS_031,Pinus palustris
910,20141204,21,3,3370,,115.8,8.5,,sbt,,39,OSBS_031,Pinus palustris
911,20141204,21,3,3371,,124.7,7.6,,sbt,,39,OSBS_031,Pinus palustris
912,20141204,21,3,3372,,128.3,7.7,,sbt,,39,OSBS_031,Pinus palustris
913,20141204,21,3,3402,,139.3,8.1,,sbt,,39,OSBS_031,Quercus laevis
914,20141204,21,3,3401,,161.2,5.9,,sbt,,39,OSBS_031,Quercus laevis
915,20141204,21,3,3403,,147,9.7,,sbt,,39,OSBS_031,Pinus palustris
916,20141204,21,3,3373,,133.8,11.5,,sbt,,39,OSBS_031,Quercus laevis
917,20141204,21,3,3472,,135.6,12.7,,sbt,,39,OSBS_031,Quercus laevis
918,20141204,21,3,3404,,157,12.3,,sbt,,39,OSBS_031,Pinus palustris
919,20141204,21,1,3405,,153.5,16.4,,sbt,NTEF,39,OSBS_031,Quercus laevis
920,20141204,21,1,3406,,136,16.4,,sbt,,39,OSBS_031,Pinus palustris
921,20141204,21,2,3408,,126,22.8,,sbt,,39,OSBS_031,Pinus palustris
922,20141204,21,2,3409,,119.4,23,,sbt,,39,OSBS_031,Pinus palustris
923,20141204,21,2,3410,,118.2,20.6,,sbt,,39,OSBS_031,Pinus palustris
924,20141204,21,4,3412,,112.5,20,,sbt,,39,OSBS_031,Pinus palustris
925,20141204,21,4,3411,,113.2,17.9,,sbt,,39,OSBS_031,Pinus palustris
926,20141204,21,4,3375,,99.2,17.2,,sbt,,39,OSBS_031,Quercus laevis
927,20141204,21,4,3376,,96.9,16.4,,sbt,,39,OSBS_031,Quercus laevis
928,20141204,21,4,3413,,92.3,17.7,,sbt,,39,OSBS_031,Pinus palustris
929,20141204,39,2,3473,,77.2,19,,sbt,NTEF,39,OSBS_031,Quercus laevis
930,20141204,39,1,3392,,50.7,10.1,,sbt,,39,OSBS_031,Quercus laevis
931,20141204,39,1,3429,,33.3,9.4,,sbt,,39,OSBS_031,Pinus palustris
932,20141204,39,1,3393,,40,6.1,,sbt,,39,OSBS_031,Quercus laevis
933,20141204,39,1,3430,,7.1,7.2,,sbt,,39,OSBS_031,Pinus palustris
934,20141204,39,3,3400,,1.7,17.8,,sbt,,39,OSBS_031,Quercus laevis
935,20141204,39,3,3399,,11,16.2,,sbt,,39,OSBS_031,Quercus laevis
936,20141204,39,3,3398,,16,16.7,,sbt,,39,OSBS_031,Quercus laevis
937,20141204,39,3,3391,,12.9,19.9,,sbt,,39,OSBS_031,Quercus laevis
938,20141204,39,4,3390,,48,25.2,,sbt,,39,OSBS_031,Pinus palustris
939,20141204,41,3,3396,,51.7,28.8,,sbt,NTEF,39,OSBS_031,Pinus palustris
940,20141204,41,3,3397,,59.8,24.3,,sbt,,39,OSBS_031,Quercus laevis
941,20141204,41,1,3388A,,76.8,25.2,,sbt,,39,OSBS_031,Quercus laevis
942,20141204,41,1,3389,,76.2,28.2,,sbt,,39,OSBS_031,Quercus laevis
943,20141204,41,1,3387,,293,11.1,,sbt,,43,OSBS_031,Quercus laevis
944,20141204,41,2,3428,,296.6,6.4,,sbt,,43,OSBS_031,Quercus laevis
945,20141204,41,4,3394,,328,13.5,,sbt,,43,OSBS_031,Pinus palustris
946,20141204,41,4,3395,,345.9,15.8,,sbt,,43,OSBS_031,Pinus palustris
947,20141204,23,4,3385A,,250.5,5.9,,mbt,,43,OSBS_031,Quercus laevis
948,20141204,23,4,3385B,,250.5,5.9,,mbt,,43,OSBS_031,Quercus laevis
949,20141204,23,4,3386,,198.1,2,,sbt,,43,OSBS_031,Pinus palustris
950,20141204,23,4,3427,,187.1,5.2,,sbt,,43,OSBS_031,Quercus laevis
951,20141204,23,4,3378,,243.6,9.9,,sbt,,43,OSBS_031,Pinus palustris
952,20141204,23,3,3420,,244.4,11.1,,sbt,,43,OSBS_031,Pinus palustris
953,20141204,23,2,3384,,216.4,13.6,,sbt,,43,OSBS_031,Quercus laevis
954,20141204,23,2,3433,,209.7,14.4,,sbt,,43,OSBS_031,Quercus laevis
955,20141204,23,2,3423,,208.8,15.4,,sbt,,43,OSBS_031,Quercus laevis
956,20141204,23,2,3426,,195.9,13.9,,sbt,,43,OSBS_031,Pinus palustris
957,20141204,23,2,3424,,212.6,18.1,,sbt,,43,OSBS_031,Pinus palustris
958,20141204,23,1,3422,,214.6,24.1,,sbt,,43,OSBS_031,Quercus laevis
959,20141204,23,1,3383,,223.6,27,,sbt,NTEF,43,OSBS_031,Pinus palustris
960,20141204,23,1,3382,,231.2,24.4,,sbt,,43,OSBS_031,Quercus laevis
961,20141204,23,1,3425,,226.4,19,,sbt,,43,OSBS_031,Quercus laevis
962,20141204,23,1,3421,,230.3,18.6,,sbt,,43,OSBS_031,Quercus laevis
963,20141204,23,1,3381,,237.1,20.3,,sbt,,43,OSBS_031,Pinus palustris
964,20141204,23,1,3380,,240.1,20.8,,sbt,,43,OSBS_031,Pinus palustris
965,20141204,23,1,3419,,241.2,14.2,,sbt,NTEF,43,OSBS_031,Quercus laevis
966,20141204,23,1,3418,,149.2,8.8,,sbt,,41,OSBS_031,Pinus palustris
967,20141204,23,1,3416,,147.4,6.9,,sbt,,41,OSBS_031,Pinus palustris
968,20141204,23,1,3377,,158,2.9,,sbt,,41,OSBS_031,Quercus laevis
969,20141204,23,1,3417,,157.2,8.2,,sbt,,41,OSBS_031,Pinus palustris
970,20141204,23,1,3379,,169.5,8.5,,sbt,,41,OSBS_031,Pinus palustris
971,20141204,23,1,3415,,104.1,2.2,,sbt,,41,OSBS_031,Pinus palustris
972,20141204,23,1,3414,,128.5,1.7,,sbt,NTEF,41,OSBS_031,Pinus palustris
973,20141204,23,4,3455,,,,,smt,,,OSBS_031,Quercus laevis
974,20141204,23,4,3385B,,,,,smt,,,OSBS_031,Quercus laevis
975,20141204,23,4,3449,,,,,sap,,,OSBS_031,Quercus laevis
976,20141204,23,4,3450,,,,,sap,,,OSBS_031,Pinus palustris
977,20141204,23,4,3451,,,,,smt,,,OSBS_031,Pinus palustris
978,20141204,23,4,3456,,,,,sap,,,OSBS_031,Quercus laevis
979,20141204,23,4,3452,,,,,smt,,,OSBS_031,Pinus palustris
980,20141204,23,4,3458,,,,,smt,,,OSBS_031,Pinus palustris
981,20141204,23,4,3457A,,,,,smt,,,OSBS_031,Quercus laevis
982,20141204,23,4,3457B,,,,,smt,NTEF,,OSBS_031,Quercus laevis
983,20141204,23,2,3460,,,,cf. species,sis,,,OSBS_031,Vaccinium arboreum
984,20141204,23,2,3469,,,,cf. species,sis,,,OSBS_031,Vaccinium arboreum
985,20141204,23,2,3470,,,,cf. species,sms,NTEF,,OSBS_031,Vaccinium arboreum
986,20141204,23,2,3459,,,,cf. species,sls,,,OSBS_031,Vaccinium arboreum
987,20141204,23,2,3454,,,,cf. species,sms,,,OSBS_031,Vaccinium arboreum
988,20141204,23,2,3469,,,,cf. species,sms,,,OSBS_031,Vaccinium arboreum
989,20141204,23,2,3453,,,,,smt,,,OSBS_031,Quercus laevis
990,20141204,23,2,3471,,,,,smt,,,OSBS_031,Quercus laevis
991,20141204,41,1,3461,,,,,smt,,,OSBS_031,Quercus laevis
992,20141204,41,1,3462,,,,,smt,,,OSBS_031,Quercus laevis
993,20141204,41,1,3463,,,,,smt,,,OSBS_031,Pinus palustris
994,20141204,41,1,3464,,,,,smt,,,OSBS_031,Quercus laevis
995,20141204,41,1,3465,,,,,sap,NTEF,,OSBS_031,Pinus palustris
996,20141204,41,1,3466,,,,,smt,,,OSBS_031,Quercus laevis
997,20141204,41,1,3467,,,,,smt,,,OSBS_031,Quercus laevis
998,20141204,41,1,3445,,,,,sms,,,OSBS_031,Quercus laevis
999,20141204,41,1,3442,,,,,sms,,,OSBS_031,Quercus laevis
1000,20141204,41,1,3441,,,,,sms,,,OSBS_031,Quercus laevis
1001,20141204,41,1,3439,,,,,smt,,,OSBS_031,Quercus laevis
1002,20141204,41,1,3440,,,,,sms,,,OSBS_031,Quercus laevis
1003,20141204,41,1,3447,,,,,sms,,,OSBS_031,Quercus laevis
1004,20141204,41,1,3438,,,,,smt,,,OSBS_031,Quercus laevis
1005,20141204,41,1,3437,,,,,smt,NTEF,,OSBS_031,Quercus laevis
1006,20141204,41,1,3388B,,,,,sbt,,,OSBS_031,Quercus laevis
1007,20141204,41,4,3431,,,,,sms,,,OSBS_031,Quercus laevis
1008,20141204,41,4,3432,,,,,sap,,,OSBS_031,Quercus laevis
1009,20141204,41,4,3434,,,,,smt,,,OSBS_031,Quercus laevis
1010,20141204,41,4,3446,,,,,sms,,,OSBS_031,Quercus laevis
1011,20141204,41,4,3435,,,,,smt,,,OSBS_031,Quercus laevis
1012,20141204,41,4,3436,,,,,smt,,,OSBS_031,Quercus laevis
1013,20141204,41,4,3443,,,,,sap,,,OSBS_031,Quercus laevis
1014,20141204,41,4,3444,,,,,sms,,,OSBS_031,Quercus laevis
1015,20141204,41,4,3445,,,,,sms,,,OSBS_031,Quercus laevis
1016,20141205,39,3,3475,,106.4,3.9,,sbt,NTEF,57,OSBS_032,Pinus palustris
1017,20141205,39,3,6016,,175.7,1.1,,sbt,Blue tag 6016 - 3474,57,OSBS_032,Pinus palustris
1018,20141205,39,3,3476,,115.4,9.1,,sbt,,57,OSBS_032,Quercus laevis
1019,20141205,39,3,3477,,136.5,7.5,,sbt,,57,OSBS_032,Quercus laevis
1020,20141205,39,3,3478,,148,8.2,,sbt,,57,OSBS_032,Quercus laevis
1021,20141205,39,1,3479,,168.6,14.8,,sbt,,57,OSBS_032,Quercus laevis
1022,20141205,39,1,3480,,43.8,2.6,,sbt,,39,OSBS_032,Pinus palustris
1023,20141205,39,1,3522,,179.3,15.8,,sbt,,57,OSBS_032,Quercus laevis
1024,20141205,39,2,3482,,131.1,16.2,,sbt,,57,OSBS_032,Quercus laevis
1025,20141205,39,4,3483A,,120.9,11.8,,mbt,,57,OSBS_032,Quercus laevis
1026,20141205,39,4,3483B,,119.9,11.8,,mbt,NTEF,57,OSBS_032,Quercus laevis
1027,20141205,39,4,3485,,112.1,11.3,,sbt,,57,OSBS_032,Quercus laevis
1028,20141205,39,4,3484,,112.3,12.4,,sbt,,57,OSBS_032,Quercus laevis
1029,20141205,39,4,3501,,95.7,10.3,,sbt,,57,OSBS_032,Pinus palustris
1030,20141205,39,4,3502,,130.8,25,,sbt,,57,OSBS_032,Quercus laevis
1031,20141205,21,4,3521,,356,19.5,,sbt,,23,OSBS_032,Quercus laevis
1032,20141205,21,4,3513,,348.8,19,,sbt,,23,OSBS_032,Quercus laevis
1033,20141205,21,4,3511,,332.4,21.2,,sbt,,23,OSBS_032,Quercus laevis
1034,20141205,21,4,3510,,321.7,15,,sbt,,23,OSBS_032,Quercus laevis
1035,20141205,21,2,3515,,295.2,10.3,,sbt,,23,OSBS_032,Quercus laevis
1036,20141205,21,2,3500,,289.4,4.5,,sbt,NTEF,23,OSBS_032,Pinus palustris
1037,20141205,21,1,3508,,271.3,11.1,,sbt,,23,OSBS_032,Quercus laevis
1038,20141205,21,1,3509,,282.2,11.7,,sbt,,23,OSBS_032,Quercus laevis
1039,20141205,21,1,3514,,74.8,19.1,,sbt,,23,OSBS_032,Quercus laevis
1040,20141205,21,1,6013,,294,18,,sbt,Blue tag 6013 - 3518,23,OSBS_032,Quercus laevis
1041,20141205,21,3,3519,,309.4,22,,sbt,,23,OSBS_032,Quercus laevis
1042,20141205,21,3,3520,,311.7,21.6,,sbt,,23,OSBS_032,Quercus laevis
1043,20141205,21,3,3518,,310.5,27.5,,sbt,,23,OSBS_032,Quercus laevis
1044,20141205,21,3,3517,,313,27.2,,sbt,,23,OSBS_032,Pinus palustris
1045,20141205,21,3,3481,,313.6,28.8,,sbt,,23,OSBS_032,Quercus laevis
1046,20141205,21,3,3591,,319.2,25.4,,sbt,NTEF,23,OSBS_032,Pinus palustris
1047,20141205,21,3,3592,,327.5,22.1,,sbt,,23,OSBS_032,Quercus laevis
1048,20141205,23,3,3490,,3.9,17.5,,sbt,,23,OSBS_032,Pinus palustris
1049,20141205,23,3,3493,,21.7,16.2,,sbt,,23,OSBS_032,Pinus palustris
1050,20141205,23,1,3491,,17.2,8.5,,sbt,,23,OSBS_032,Pinus palustris
1051,20141205,23,1,3492,,12.8,6.2,,sbt,,23,OSBS_032,Pinus palustris
1052,20141205,23,1,3507,,74.3,6.1,,sbt,,23,OSBS_032,Pinus palustris
1053,20141205,23,2,3498,,58.2,13.6,,sbt,,23,OSBS_032,Pinus palustris
1054,20141205,23,2,3499,,90.8,14.1,,sbt,,23,OSBS_032,Pinus palustris
1055,20141205,23,4,3496,,58.5,21.9,,sbt,NTEF,23,OSBS_032,Quercus laevis
1056,20141205,23,4,3495,,51.5,23.9,,sbt,TE 1,23,OSBS_032,Quercus laevis
1057,20141205,23,4,3494,,44.6,25.3,,sbt,NTEF,23,OSBS_032,Quercus laevis
1058,20141205,23,4,3497,,43.9,20,,sbt,,23,OSBS_032,Quercus laevis
1059,20141205,41,1,3505,,8.4,19.9,,sbt,,23,OSBS_032,Pinus palustris
1060,20141205,41,1,3504,,6.5,24,,sbt,,23,OSBS_032,Pinus palustris
1061,20141205,41,1,3503,,358.4,23.7,,sbt,,23,OSBS_032,Quercus laevis
1062,20141205,41,1,3486,,359.1,32.4,,sbt,NTEF,23,OSBS_032,Pinus palustris
1063,20141205,41,3,3487,,10.7,39.2,,sbt,,23,OSBS_032,Pinus palustris
1064,20141205,41,3,3488,,327.6,21.7,,sbt,,43,OSBS_032,Pinus palustris
1065,20141205,41,3,3489,,315.9,17.9,,sbt,,43,OSBS_032,Pinus palustris
1066,20141205,41,2,3506,,27.1,27.4,,sbt,NTEF,23,OSBS_032,Pinus palustris
1067,20141205,39,1,3552,,,,,smt,,,OSBS_032,Pinus palustris
1068,20141205,39,1,3550,,,,,sap,,,OSBS_032,Pinus palustris
1069,20141205,39,1,3551,,,,,smt,,,OSBS_032,Quercus laevis
1070,20141205,39,1,3545,,,,,smt,NTEF,,OSBS_032,Quercus laevis
1071,20141205,39,1,3548,,,,,smt,,,OSBS_032,Quercus laevis
1072,20141205,39,1,3544,,,,,smt,NTEF,,OSBS_032,Quercus laevis
1073,20141205,39,3,3543,,,,,smt,,,OSBS_032,Quercus laevis
1074,20141205,39,3,3548,,,,,sap,,,OSBS_032,Pinus palustris
1075,20141205,39,3,3549,,,,,sap,,,OSBS_032,Pinus palustris
1076,20141205,39,3,3547,,,,,sap,,,OSBS_032,Pinus palustris
1077,20141205,39,3,3540,,,,,smt,,,OSBS_032,Quercus laevis
1078,20141205,39,3,3541,,,,,smt,,,OSBS_032,Pinus palustris
1079,20141205,39,3,3542,,,,,smt,,,OSBS_032,Quercus laevis
1080,20141205,39,4,3590,,,,,sap,,,OSBS_032,Pinus palustris
1081,20141205,39,4,3589,,,,,sap,,,OSBS_032,Pinus palustris
1082,20141205,39,4,3593,,,,,smt,NTEF,,OSBS_032,Quercus laevis
1083,20141205,39,4,3553,,,,,smt,,,OSBS_032,Pinus palustris
1084,20141205,39,2,3554,,,,,sap,,,OSBS_032,Pinus palustris
1085,20141205,39,2,3556,,,,,sap,,,OSBS_032,Pinus palustris
1086,20141205,39,2,3557,,,,,sap,,,OSBS_032,Pinus palustris
1087,20141205,39,2,3558,,,,,sap,,,OSBS_032,Pinus palustris
1088,20141205,39,2,3561,,,,,sap,,,OSBS_032,Pinus palustris
1089,20141205,39,2,3562,,,,,smt,,,OSBS_032,Pinus palustris
1090,20141205,39,2,3578,,,,,sap,,,OSBS_032,Pinus palustris
1091,20141205,39,2,3563,,,,,sap,,,OSBS_032,Pinus palustris
1093,20141205,21,2,3565,,,,,sms,NTEF,,OSBS_032,Quercus laevis
1094,20141205,21,2,3568,,,,,sms,,,OSBS_032,Quercus laevis
1095,20141205,21,2,3573,,,,,sms,,,OSBS_032,Quercus laevis
1096,20141205,21,2,3567,,,,,sms,,,OSBS_032,Quercus laevis
1097,20141205,21,1,3564,,,,,sms,,,OSBS_032,Quercus laevis
1098,20141205,21,1,3539,,,,,sms,,,OSBS_032,Quercus laevis
1099,20141205,21,1,3538,,,,,sms,,,OSBS_032,Quercus laevis
1100,20141205,21,1,3537,,,,,sap,,,OSBS_032,Pinus palustris
1101,20141205,21,1,3535,,,,,sap,,,OSBS_032,Pinus palustris
1102,20141205,21,1,3536,,,,,sap,NTEF,,OSBS_032,Pinus palustris
1103,20141205,21,1,3594,,,,,sap,NTEF,,OSBS_032,Pinus palustris
1104,20141205,21,1,3532,,,,,sap,,,OSBS_032,Pinus palustris
1105,20141205,21,1,3534,,,,,smt,,,OSBS_032,Pinus palustris
1106,20141205,21,1,3533,,,,,smt,,,OSBS_032,Quercus laevis
1107,20141205,21,3,3531,,,,,sms,,,OSBS_032,Quercus laevis
1108,20141205,21,3,3530,,,,,sap,,,OSBS_032,Pinus palustris
1109,20141205,21,3,3529,,,,,sap,,,OSBS_032,Pinus palustris
1110,20141205,21,3,3523,,,,,sap,,,OSBS_032,Pinus palustris
1111,20141205,21,3,3528,,,,,sap,,,OSBS_032,Pinus palustris
1112,20141205,21,3,3525,,,,,smt,,,OSBS_032,Quercus laevis
1113,20141205,21,3,3526,,,,,smt,,,OSBS_032,Pinus palustris
1114,20141205,21,3,3524,,,,,smt,,,OSBS_032,Pinus palustris
1115,20141205,21,3,3527,,,,,smt,NTEF,,OSBS_032,Pinus palustris
1116,20141209,41,4,3703,,177.3,6.2,,sbt,NTEF,61,OSBS_033,Pinus palustris
1117,20141209,41,2,6050,,183.4,16.1,,sbt,Blue tag 6050 - 3704,61,OSBS_033,Pinus palustris
1118,20141209,41,2,3705,,196.8,18.7,,sbt,,61,OSBS_033,Quercus laevis
1119,20141209,41,2,3706,,200.9,18.2,,sbt,,61,OSBS_033,Quercus laevis
1120,20141209,41,4,3701,,250.7,3.6,cf. species,sbt,,61,OSBS_033,Quercus geminata
1121,20141209,41,4,3702,,258.1,7.8,,sbt,,61,OSBS_033,Pinus palustris
1122,20141209,41,3,3726,,250.8,11.4,,sbt,,61,OSBS_033,Pinus palustris
1123,20141209,41,3,3725,,263.6,15.3,,sbt,,61,OSBS_033,Pinus palustris
1124,20141209,41,3,3724,,260.5,18.2,,sbt,,61,OSBS_033,Pinus palustris
1125,20141209,41,3,3723,,254.3,18.4,,sbt,,61,OSBS_033,Pinus palustris
1126,20141209,41,3,3722,,250,17.6,,sbt,NTEF,61,OSBS_033,Pinus palustris
1127,20141209,41,1,3721,,239.4,21.4,,sbt,,61,OSBS_033,Pinus palustris
1128,20141209,41,1,3720,,232.8,21.1,,sbt,,61,OSBS_033,Pinus palustris
1129,20141209,41,1,3710,,227.6,22.1,,sbt,,61,OSBS_033,Pinus palustris
1130,20141209,41,1,3709,,221.7,25.2,,sbt,,61,OSBS_033,Pinus palustris
1131,20141209,41,1,3708,,219.4,24.4,,sbt,,61,OSBS_033,Pinus palustris
1132,20141209,39,1,3740,,247.2,33.9,,sbt,,61,OSBS_033,Quercus laevis
1133,20141209,39,3,3737,,261.9,27.3,,sbt,,61,OSBS_033,Pinus palustris
1134,20141209,39,3,3739,,264.8,34.4,,sbt,,61,OSBS_033,Pinus palustris
1135,20141209,39,3,3738,,267.8,36.6,,sbt,,61,OSBS_033,Pinus palustris
1136,20141209,39,1,3741,,247.1,38.8,,sbt,NTEF,61,OSBS_033,Pinus palustris
1137,20141209,23,1,3751,,73.5,9.7,,sbt,,23,OSBS_033,Pinus palustris
1138,20141209,21,4,3747,,341.5,9.4,,sbt,,23,OSBS_033,Pinus palustris
1139,20141209,21,4,3746,,350.7,10.4,,sbt,,23,OSBS_033,Quercus laevis
1140,20141209,21,4,3745,,346.4,20.3,,sbt,,23,OSBS_033,Quercus laevis
1141,20141209,21,4,3753,,326.6,14.3,,sbt,,23,OSBS_033,Quercus geminata
1142,20141209,21,4,3754,,321.7,13.6,,sbt,,23,OSBS_033,Quercus geminata
1143,20141209,21,4,3755,,322.5,12.6,,sbt,,23,OSBS_033,Quercus geminata
1144,20141209,21,4,3744,,328.2,18.9,,sbt,,23,OSBS_033,Pinus palustris
1145,20141209,21,3,3743,,323.8,20.9,,sbt,,23,OSBS_033,Pinus palustris
1146,20141209,21,3,3742,,317.3,25.9,,sbt,NTEF,23,OSBS_033,Quercus laevis
1147,20141209,21,3,3752,,302.5,20.4,,sbt,,23,OSBS_033,Pinus palustris
1148,20141209,21,1,3750,,282.4,16,,sbt,,23,OSBS_033,Pinus palustris
1149,20141209,21,1,3749,,270.2,16.9,,sbt,,23,OSBS_033,Pinus palustris
1150,20141209,41,1,3707,,208.4,22.7,,sbt,,61,OSBS_033,Quercus laevis
1151,20141209,23,4,3716,,183.1,26.5,,sbt,,61,OSBS_033,Pinus palustris
1152,20141209,23,4,3718,,183.1,29.9,,sbt,,61,OSBS_033,Pinus palustris
1153,20141209,23,4,6052,,179.4,33.3,,sbt,Blue tag 6052 - 3717,61,OSBS_033,Pinus palustris
1154,20141209,23,4,6053,,182,34.4,,sbt,Blue tag 6053 - 3719,61,OSBS_033,Quercus laevis
1155,20141209,23,4,3728,,187.8,31.7,,sbt,,61,OSBS_033,Quercus laevis
1156,20141209,23,3,3715,,36.1,16.4,,sbt,NTEF,23,OSBS_033,Pinus palustris
1157,20141209,23,3,3714,,203.8,25,,sbt,,61,OSBS_033,Quercus laevis
1158,20141209,23,3,3711,,203.6,26.2,,sbt,,61,OSBS_033,Quercus laevis
1159,20141209,23,3,3713,,211.3,29.3,,sbt,,61,OSBS_033,Pinus palustris
1160,20141209,23,3,3712,,220.9,28.4,,sbt,,61,OSBS_033,Quercus laevis
1161,20141209,23,1,3735,,35.9,10.4,,sbt,,23,OSBS_033,Quercus geminata
1162,20141209,23,1,3729,,203,34.4,,sbt,,61,OSBS_033,Quercus geminata
1163,20141209,23,1,3731,,203.3,36.1,,sbt,,61,OSBS_033,Quercus geminata
1164,20141209,23,1,3730,,41.6,9.4,,sbt,,23,OSBS_033,Quercus geminata
1165,20141209,23,1,3734,,40.9,8.3,,sbt,,23,OSBS_033,Quercus geminata
1166,20141209,23,1,3732,,48,10.3,,sbt,NTEF,23,OSBS_033,Quercus geminata
1167,20141209,23,1,3733,,51.5,9.4,,sbt,,23,OSBS_033,Quercus geminata
1168,20141209,23,1,3756,,54.9,8.8,,sbt,,23,OSBS_033,Quercus geminata
1169,20141209,39,2,3736,,240.8,25.5,,sbt,NTEF,61,OSBS_033,Pinus palustris
1170,20141209,41,4,3791,,,,cf. species,sap,NTEF,,OSBS_033,Diospyros virginiana
1171,20141209,41,4,3790,,,,cf. species,sms,,,OSBS_033,Diospyros virginiana
1172,20141209,41,4,3792,,,,cf. species,sms,,,OSBS_033,Diospyros virginiana
1173,20141209,41,4,3793,,,,cf. species,sms,,,OSBS_033,Diospyros virginiana
1174,20141209,41,4,3794,,,,cf. species,sms,,,OSBS_033,Diospyros virginiana
1175,20141209,41,4,3788,,,,,sms,,,OSBS_033,Quercus laevis
1176,20141209,41,4,3769,,,,cf. species,sms,,,OSBS_033,Diospyros virginiana
1177,20141209,41,4,3770,,,,cf. species,sms,,,OSBS_033,Diospyros virginiana
1178,20141209,41,4,3782,,,,cf. species,sis,,,OSBS_033,Diospyros virginiana
1179,20141209,41,4,3779,,,,,smt,,,OSBS_033,Quercus laevis
1180,20141209,41,4,3789,,,,,smt,NTEF,,OSBS_033,Quercus laevis
1181,20141209,41,4,3781,,,,,smt,,,OSBS_033,Quercus laevis
1182,20141209,41,4,3778,,,,cf. species,sap,,,OSBS_033,Diospyros virginiana
1183,20141209,41,4,3780,,,,,smt,,,OSBS_033,Quercus laevis
1184,20141209,41,1,3787,,,,,sms,,,OSBS_033,Quercus laevis
1185,20141209,41,1,3786,,,,,smt,,,OSBS_033,Quercus laevis
1186,20141209,41,1,3784,,,,,smt,,,OSBS_033,Quercus laevis
1187,20141209,41,1,3783,,,,cf. species,sap,,,OSBS_033,Diospyros virginiana
1188,20141209,41,1,3777,,,,,sms,,,OSBS_033,Quercus laevis
1189,20141209,41,1,3785,,,,,sap,,,OSBS_033,Quercus laevis
1190,20141209,41,1,3776,,,,,smt,NTEF,,OSBS_033,Quercus laevis
1191,20141209,41,1,3774,,,,,smt,,,OSBS_033,Quercus laevis
1192,20141209,41,1,3773,,,,,sms,,,OSBS_033,Quercus laevis
1193,20141209,41,1,3772,,,,,smt,,,OSBS_033,Quercus laevis
1194,20141209,41,1,3775,,,,,sms,,,OSBS_033,Quercus laevis
1195,20141209,41,1,3767,,,,,smt,,,OSBS_033,Quercus laevis
1196,20141209,21,4,3760,,,,,sap,,,OSBS_033,Pinus palustris
1197,20141209,21,4,3766,,,,,sap,,,OSBS_033,Pinus palustris
1198,20141209,21,4,3768,,,,,smt,,,OSBS_033,Quercus laevis
1199,20141209,21,4,3762,,,,,sap,,,OSBS_033,Pinus palustris
1200,20141209,21,4,3764,,,,,sap,NTEF,,OSBS_033,Pinus palustris
1201,20141209,21,4,3763,,,,,sms,,,OSBS_033,Quercus laevis
1202,20141209,21,4,3765,,,,,smt,,,OSBS_033,Quercus laevis
1203,20141209,21,4,3771,,,,,sap,,,OSBS_033,Quercus laevis
1204,20141209,21,1,3758,,,,,sap,,,OSBS_033,Pinus palustris
1205,20141209,21,1,3759,,,,,sap,,,OSBS_033,Pinus palustris
1206,20141209,21,1,3757,,,,,smt,NTEF,,OSBS_033,Pinus palustris
1207,20141124,23,4,2957,,237.6,6.5,,sbt,NTEF,43,OSBS_034,Pinus palustris
1208,20141124,23,2,2956,,215.8,13.8,,sbt,,43,OSBS_034,Pinus palustris
1209,20141124,23,2,2953,,195.8,13.4,,sbt,,43,OSBS_034,Pinus palustris
1210,20141124,23,2,2950,,189.6,13.7,,sbt,,43,OSBS_034,Pinus palustris
1211,20141124,23,2,2951,,183.3,13.6,,sbt,,43,OSBS_034,Pinus palustris
1212,20141124,23,2,2954,,198.3,18.9,,sbt,,43,OSBS_034,Quercus laevis
1213,20141124,23,2,2955,,203.5,19.7,,sbt,,43,OSBS_034,Quercus laevis
1214,20141124,41,2,2958,,281,4.6,,sbt,,43,OSBS_034,Pinus palustris
1215,20141124,41,2,2959,,319.3,4.5,,sbt,,43,OSBS_034,Pinus palustris
1216,20141124,41,2,2960,,331.2,8.3,,sbt,,43,OSBS_034,Pinus palustris
1217,20141124,41,2,2961,,356.4,7.6,,sbt,NTEF,43,OSBS_034,Pinus palustris
1218,20141124,41,4,2965,,354.8,19.3,,sbt,,43,OSBS_034,Quercus geminata
1219,20141124,41,4,2962,,338,16.2,,sbt,,43,OSBS_034,Pinus palustris
1220,20141124,41,4,2963,,333.8,19.5,,sbt,,43,OSBS_034,Pinus palustris
1221,20141124,41,4,2964,,332.9,20.2,,sbt,,43,OSBS_034,Pinus palustris
1222,20141124,41,4,2966,,309.1,18,,sbt,,43,OSBS_034,Quercus laevis
1223,20141124,41,3,2968,,287,14.8,,sbt,,43,OSBS_034,Pinus palustris
1224,20141124,41,3,2969,,275,12.5,,sbt,,43,OSBS_034,Quercus laevis
1225,20141124,41,3,2970,,286.1,17.6,,sbt,,43,OSBS_034,Pinus palustris
1226,20141124,21,1,2981,,39.2,2.9,,sbt,NTEF,21,OSBS_034,Pinus palustris
1227,20141124,21,1,2982,,48.6,10.3,,sbt,NTEF,21,OSBS_034,Pinus palustris
1228,20141124,21,1,2980,,73.7,12.1,,sbt,,21,OSBS_034,Quercus laevis
1229,20141124,21,1,,,91.5,20,,sbt,,21,OSBS_034,Quercus laevis
1230,20141124,21,1,2984,,70.9,19.6,,sbt,,21,OSBS_034,Quercus laevis
1231,20141124,21,4,2983,,49.4,18.8,,sbt,,21,OSBS_034,Quercus laevis
1232,20141124,21,4,2994,,53.8,17.2,,sbt,,21,OSBS_034,Pinus palustris
1233,20141124,21,4,2311,,42,23,,sbt,,21,OSBS_034,Quercus laevis
1234,20141124,21,4,2312,,91.1,16.5,,sbt,,39,OSBS_034,Quercus laevis
1235,20141124,21,4,2309,,37.9,19.7,,sbt,,21,OSBS_034,Pinus palustris
1236,20141124,21,4,2310,,36.8,18.7,,sbt,,21,OSBS_034,Pinus palustris
1237,20141124,21,3,2996,,126.9,10.3,,sbt,,39,OSBS_034,Pinus palustris
1238,20141124,21,3,2995,,32.3,11.6,,sbt,NTEF,21,OSBS_034,Pinus palustris
1239,20141124,21,3,2999,,19,13.7,,sbt,,21,OSBS_034,Pinus palustris
1240,20141124,21,3,3000,,16.3,14.3,,sbt,,21,OSBS_034,Pinus palustris
1241,20141124,21,3,2998,,23.3,15.3,,sbt,,21,OSBS_034,Pinus palustris
1242,20141124,21,3,2997,,26.7,16.9,,sbt,,21,OSBS_034,Pinus palustris
1243,20141124,21,3,2307,,16.2,16.7,,sbt,,21,OSBS_034,Pinus palustris
1244,20141124,21,3,2308,,13.6,17.7,,sbt,,21,OSBS_034,Pinus palustris
1245,20141124,21,3,2306,,13.3,18.2,,sbt,,21,OSBS_034,Pinus palustris
1246,20141124,39,1,2974,,85.6,4.5,,sbt,,39,OSBS_034,Pinus palustris
1247,20141124,39,1,2975,,75.9,5.1,,sbt,,39,OSBS_034,Pinus palustris
1248,20141124,39,1,2977,,9.6,3.7,,sbt,NTEF,39,OSBS_034,Pinus palustris
1249,20141124,39,1,2978,,0.7,6.1,,sbt,,39,OSBS_034,Pinus palustris
1250,20141124,39,1,2973,,57,8.7,,sbt,NTEF,39,OSBS_034,Quercus laevis
1251,20141124,39,2,2972,,278.6,8.6,,sbt,,41,OSBS_034,Pinus palustris
1252,20141124,39,2,2971,,75.7,17.3,,sbt,,39,OSBS_034,Quercus laevis
1253,20141124,39,2,2967,,48.9,24.9,,sbt,,39,OSBS_034,Pinus palustris
1254,20141124,39,3,2979,,19.6,16,,sbt,,39,OSBS_034,Pinus palustris
1255,20141124,39,3,2990,,136.9,4.2,,sbt,,57,OSBS_034,Pinus palustris
1256,20141124,39,1,2976,,55,6.5,,sbt,NTEF,39,OSBS_034,Pinus palustris
1257,20141124,23,2,2317,,,,,sms,,,OSBS_034,Asimina incana
1258,20141124,23,2,2318,,,,,sms,,,OSBS_034,Quercus laevis
1259,20141124,23,2,2319,,,,,sms,,,OSBS_034,Quercus laevis
1260,20141124,23,2,2320,,,,,sms,,,OSBS_034,Quercus laevis
1261,20141124,23,2,2321,,,,,,,,OSBS_034,Quercus laevis
1262,20141124,23,2,2322,,,,,sms,,,OSBS_034,Quercus laevis
1263,20141124,23,2,2323,,,,,smt,,,OSBS_034,Quercus laevis
1264,20141124,23,2,2315,,,,,sms,,,OSBS_034,Quercus laevis
1265,20141124,23,2,2316,,,,,sms,,,OSBS_034,Quercus laevis
1266,20141124,23,4,2329,,,,,sms,NTEF,,OSBS_034,Quercus laevis
1267,20141124,23,4,2328,,,,,,,,OSBS_034,Quercus laevis
1268,20141124,23,4,2327,,,,,,,,OSBS_034,Quercus laevis
1269,20141124,23,4,2326,,,,,sms,,,OSBS_034,Asimina incana
1270,20141124,23,4,2324,,,,,sms,,,OSBS_034,Quercus laevis
1271,20141124,23,4,2325,,,,,sms,,,OSBS_034,Quercus laevis
1272,20141124,23,4,2334,,,,,sms,,,OSBS_034,Quercus laevis
1273,20141124,23,4,2333,,,,,sms,NTEF,,OSBS_034,Quercus laevis
1274,20141124,23,4,2332,,,,,sms,,,OSBS_034,Quercus laevis
1275,20141124,23,4,2331,,,,,sms,,,OSBS_034,Quercus laevis
1276,20141124,23,4,2338,,,,,smt,,,OSBS_034,Quercus laevis
1277,20141124,23,4,2330,,,,,sms,,,OSBS_034,Quercus laevis
1278,20141124,23,4,2337,,,,,sms,,,OSBS_034,Quercus laevis
1279,20141124,23,4,2336,,,,,sms,,,OSBS_034,Quercus laevis
1280,20141124,23,4,2339,,,,,smt,,,OSBS_034,Quercus laevis
1281,20141124,23,4,2340,,,,,sms,,,OSBS_034,Quercus laevis
1282,20141124,23,4,2335,,,,,sms,,,OSBS_034,Quercus laevis
1283,20141124,23,4,2341,,,,,smt,NTEF,,OSBS_034,Quercus laevis
1284,20141124,41,4,2383,,,,,sap,,,OSBS_034,Pinus palustris
1285,20141124,41,4,2385,,,,,sap,,,OSBS_034,Pinus palustris
1286,20141124,41,4,2384,,,,,sap,,,OSBS_034,Pinus palustris
1287,20141124,41,4,2386,,,,,sms,,,OSBS_034,Quercus laevis
1288,20141124,41,1,2342,,,,,smt,,,OSBS_034,Pinus palustris
1289,20141124,41,1,2371,,,,,smt,,,OSBS_034,Quercus laevis
1290,20141124,41,1,2372,,,,,smt,,,OSBS_034,Quercus laevis
1291,20141124,41,1,2374,,,,,smt,,,OSBS_034,Quercus laevis
1292,20141124,41,1,2508,,,,,sap,,,OSBS_034,Pinus palustris
1293,20141124,41,1,2391,,,,,sms,NTEF,,OSBS_034,Quercus laevis
1294,20141124,41,1,2373,,,,,smt,,,OSBS_034,Quercus laevis
1295,20141124,41,1,2376,,,,,smt,,,OSBS_034,Quercus laevis
1296,20141124,41,1,2375,,,,,smt,NTEF,,OSBS_034,Quercus laevis
1297,20141124,41,1,2400,,,,,sms,,,OSBS_034,Quercus laevis
1298,20141124,41,1,2389,,,,,sms,,,OSBS_034,Quercus laevis
1299,20141124,41,1,2390,,,,,sms,,,OSBS_034,Quercus laevis
1300,20141124,41,1,2387,,,,,sap,,,OSBS_034,Quercus laevis
1301,20141124,41,1,2388,,,,,sms,,,OSBS_034,Quercus laevis
1302,20141124,21,4,2377,,,,,sms,,,OSBS_034,Quercus laevis
1303,20141124,21,4,2378,,,,,sms,,,OSBS_034,Quercus laevis
1304,20141124,21,4,2379,,,,,smt,,,OSBS_034,Quercus laevis
1305,20141124,21,4,2380,,,,,smt,,,OSBS_034,Quercus laevis
1306,20141124,21,4,2381,,,,,smt,NTEF,,OSBS_034,Quercus laevis
1307,20141124,21,4,2382,,,,,smt,,,OSBS_034,Quercus laevis
1308,20141124,21,4,2503,,,,,sms,,,OSBS_034,Quercus laevis
1309,20141124,21,4,2502,,,,,smt,,,OSBS_034,Pinus palustris
1310,20141124,21,4,2392,,,,,smt,,,OSBS_034,Pinus palustris
1311,20141124,21,4,2500,,,,,smt,,,OSBS_034,Pinus palustris
1312,20141124,21,4,2501,,,,,smt,,,OSBS_034,Pinus palustris
1313,20141124,21,1,2506,,,,,smt,,,OSBS_034,Pinus palustris
1314,20141124,21,1,2398,,,,,sap,,,OSBS_034,Pinus palustris
1315,20141124,21,1,2504,,,,,sap,,,OSBS_034,Pinus palustris
1316,20141124,21,1,2397,,,,,smt,NTEF,,OSBS_034,Pinus palustris
1317,20141124,21,1,2396,,,,,sms,,,OSBS_034,Quercus laevis
1318,20141124,21,1,2395,,,,,sms,,,OSBS_034,Quercus laevis
1319,20141124,21,1,2393,,,,,sms,,,OSBS_034,Quercus laevis
1320,20141124,21,1,2394,,,,,smt,,,OSBS_034,Pinus palustris
1321,20141124,21,1,2399,,,,,smt,,,OSBS_034,Pinus palustris
1322,20141124,21,1,2305,,,,,sap,,,OSBS_034,Pinus palustris
1323,20141124,39,3,2343,,,,,smt,,,OSBS_034,Pinus palustris
1324,20141124,39,3,2344,,,,,smt,,,OSBS_034,Pinus palustris
1325,20141124,39,3,2348,,,,,sap,,,OSBS_034,Pinus palustris
1326,20141124,39,3,2346,,,,,smt,NTEF,,OSBS_034,Quercus laevis
1327,20141124,39,3,2345,,,,,smt,,,OSBS_034,Quercus laevis
1328,20141124,39,3,2347,,,,cf. species,sap,NTEF,,OSBS_034,Asimina incana
1329,20141124,39,3,2353,,,,,sms,,,OSBS_034,Quercus laevis
1330,20141124,39,3,2354,,,,,sms,,,OSBS_034,Quercus laevis
1331,20141124,39,3,2351,,,,,smt,,,OSBS_034,Quercus laevis
1332,20141124,39,3,2350,,,,,smt,,,OSBS_034,Pinus palustris
1333,20141124,39,3,2360,,,,,smt,,,OSBS_034,Pinus palustris
1334,20141124,39,3,2755,,,,,smt,,,OSBS_034,Quercus laevis
1335,20141124,39,1,2349,,,,,sms,,,OSBS_034,Quercus laevis
1336,20141124,39,1,2356,,,,,smt,NTEF,,OSBS_034,Quercus laevis
1337,20141124,39,1,2361,,,,,smt,,,OSBS_034,Pinus palustris
1338,20141124,39,1,2363,,,,,smt,,,OSBS_034,Quercus laevis
1339,20141124,39,1,2370,,,,cf. species,sms,,,OSBS_034,Asimina incana
1340,20141124,39,1,2367,,,,,smt,,,OSBS_034,Pinus palustris
1341,20141124,39,1,2352,,,,,smt,,,OSBS_034,Pinus palustris
1342,20141124,39,1,2362,,,,,smt,NTEF,,OSBS_034,Pinus palustris
1343,20141124,39,1,2357,,,,,smt,,,OSBS_034,Pinus palustris
1344,20141124,39,1,2366,,,,,smt,,,OSBS_034,Pinus palustris
1345,20141124,39,1,2358,,,,,smt,NTEF,,OSBS_034,Pinus palustris
1346,20141124,39,1,2365,,,,,smt,,,OSBS_034,Pinus palustris
1347,20141124,39,1,2368,,,,,smt,,,OSBS_034,Pinus palustris
1348,20141124,39,1,2369,,,,,smt,,,OSBS_034,Pinus palustris
1349,20141124,39,1,2359,,,,,smt,,,OSBS_034,Pinus palustris
1350,20141124,39,1,2364,,,,,smt,,,OSBS_034,Pinus palustris
1351,20141124,39,1,2507,,,,cf. species,sap,NTEF,,OSBS_034,Diospyros virginiana
1352,20141201,39,3,3206,,12.7,18.7,,sbt,NTEF,39,OSBS_035,Pinus palustris
1353,20141205,39,2,3560,,,,,smt,NTEF,,OSBS_032,Quercus laevis
1354,20141205,39,2,3580,,,,,sap,,,OSBS_032,Pinus palustris
1355,20141205,39,2,3579,,,,,sap,,,OSBS_032,Pinus palustris
1356,20141205,39,4,3581,,,,,sap,,,OSBS_032,Pinus palustris
1357,20141205,39,4,3585,,,,,sap,,,OSBS_032,Pinus palustris
1358,20141205,39,4,3584,,,,,smt,,,OSBS_032,Pinus palustris
1359,20141205,39,4,3583,,,,,smt,,,OSBS_032,Pinus palustris
1360,20141205,39,4,3582,,,,,smt,,,OSBS_032,Quercus laevis
1361,20141205,39,4,3586,,,,,smt,,,OSBS_032,Quercus laevis
1362,20141205,39,4,3588,,,,,sms,,,OSBS_032,Quercus laevis
1363,20141205,21,4,3575,,,,,sap,NTEF,,OSBS_032,Pinus palustris
1364,20141205,21,4,3577,,,,,sap,,,OSBS_032,Pinus palustris
1365,20141205,21,4,3576,,,,,smt,,,OSBS_032,Quercus laevis
1366,20141205,21,4,3574,,,,,smt,,,OSBS_032,Pinus palustris
1367,20141205,21,4,3572,,,,,sap,,,OSBS_032,Pinus palustris
1368,20141205,21,4,3571,,,,,sap,,,OSBS_032,Pinus palustris
1369,20141205,21,2,3570,,,,,sap,,,OSBS_032,Pinus palustris
1370,20141205,21,2,3569,,,,,smt,,,OSBS_032,Quercus laevis
1371,20141205,21,2,3566,,,,,sms,,,OSBS_032,Quercus laevis
1372,20141205,39,2,3554,,,,,smt,NTEF,,OSBS_032,Quercus laevis
1373,20141201,39,3,3207,,26.3,17.5,,sbt,,39,OSBS_035,Pinus palustris
1374,20141201,39,3,3213,,37.1,19.3,,sbt,,39,OSBS_035,Pinus palustris
1375,20141201,39,4,3214,,43.7,18.7,,sbt,,39,OSBS_035,Pinus palustris
1376,20141201,39,4,3212,,53.3,18,,sbt,,39,OSBS_035,Pinus palustris
1377,20141201,39,4,3209,,46.2,26.1,,sbt,,39,OSBS_035,Pinus palustris
1378,20141201,39,4,3208,,57,22.4,,sbt,,39,OSBS_035,Pinus palustris
1379,20141201,39,2,3211,,63.8,18.8,,sbt,,39,OSBS_035,Pinus palustris
1380,20141201,39,2,3203,,89.4,16.2,,sbt,,39,OSBS_035,Pinus palustris
1381,20141201,39,1,3204,,64.1,9.6,,sbt,,39,OSBS_035,Pinus palustris
1382,20141201,39,1,3205,,34.7,8.4,,sbt,NTEF,39,OSBS_035,Pinus palustris
1383,20141201,21,3,3199,,144.5,3.4,,sbt,,39,OSBS_035,Pinus palustris
1384,20141201,21,3,3198,,115.8,9.1,,sbt,,39,OSBS_035,Pinus palustris
1385,20141201,21,4,3197,,98.1,12.2,,sbt,,39,OSBS_035,Pinus palustris
1386,20141201,21,4,3196,,103.3,19.1,,sbt,,39,OSBS_035,Pinus palustris
1387,20141201,21,2,3195,,120.8,21.8,,sbt,,39,OSBS_035,Pinus palustris
1388,20141201,21,2,3194,,130.6,23.1,,sbt,,39,OSBS_035,Pinus palustris
1389,20141201,21,1,3202,,160,18,,sbt,,39,OSBS_035,Pinus palustris
1390,20141121,23,2,2715,,301.9,13.6,,sbt,NTEF,25,OSBS_039,Pinus palustris
1391,20141121,23,2,2720,,302.2,12.9,,sbt,,25,OSBS_039,Quercus laevis
1392,20141121,23,2,2716,,315.7,9.1,,sbt,,25,OSBS_039,Quercus laevis
1393,20141121,23,2,2717,,338,9.5,,sbt,,25,OSBS_039,Pinus palustris
1394,20141121,23,4,2721,,339.2,12.2,,sbt,,25,OSBS_039,Pinus palustris
1395,20141121,41,1,2722,,341.1,25.4,,sbt,,25,OSBS_039,Pinus palustris
1396,20141121,41,4,2701,,342.8,33.2,,sbt,,25,OSBS_039,Pinus palustris
1397,20141121,41,4,2702,,345.7,36.7,,sbt,,25,OSBS_039,Quercus laevis
1398,20141121,41,4,2703,,344.4,38.6,,sbt,,25,OSBS_039,Quercus laevis
1399,20141121,41,4,2723,,358.8,33.3,,sbt,,25,OSBS_039,Pinus palustris
1400,20141121,21,2,2718,,81.9,16.3,,sbt,NTEF,21,OSBS_039,Pinus palustris
1401,20141121,21,4,2713,,54.7,17.3,,sbt,,21,OSBS_039,Pinus palustris
1402,20141121,21,4,2714,,44.5,25.8,,sbt,,21,OSBS_039,Pinus palustris
1403,20141121,21,3,2767,,23.5,21,,sbt,,21,OSBS_039,Pinus palustris
1404,20141121,21,3,2726,,27.5,15.2,,sbt,,21,OSBS_039,Pinus palustris
1405,20141121,21,3,2709,,24.2,11.9,,sbt,,21,OSBS_039,Pinus palustris
1406,20141121,21,3,2708,,3.6,11.5,,sbt,,21,OSBS_039,Pinus palustris
1407,20141121,21,1,2727,,7.4,8.6,,sbt,,21,OSBS_039,Quercus laevis
1408,20141121,21,1,2711,,21.7,8.1,,sbt,,21,OSBS_039,Pinus palustris
1409,20141121,21,1,2710,,32.4,8.2,,sbt,,21,OSBS_039,Pinus palustris
1410,20141121,21,1,2712,,31.2,5.5,,sbt,NTEF,21,OSBS_039,Pinus palustris
1411,20141121,39,1,2725,,42.6,10.6,,sbt,,39,OSBS_039,Quercus laevis
1412,20141121,39,3,2724,,359.8,13.7,,sbt,,39,OSBS_039,Pinus palustris
1413,20141121,39,3,2706,,16,14.7,,sbt,,39,OSBS_039,Quercus laevis
1414,20141121,39,3,2705,,25.9,17.7,,sbt,,39,OSBS_039,Pinus palustris
1415,20141121,41,2,2704,,64.9,22.7,,sbt,,39,OSBS_039,Pinus palustris
1416,20141121,39,1,2731,,,,,sms,,,OSBS_039,Quercus laevis
1417,20141121,39,1,2730,,,,,sms,,,OSBS_039,Quercus laevis
1418,20141121,39,1,2738,,,,,sms,,,OSBS_039,Quercus laevis
1419,20141121,39,1,2729,,,,,sms,,,OSBS_039,Quercus laevis
1420,20141121,39,1,2728,,,,,sms,NTEF,,OSBS_039,Quercus laevis
1421,20141121,39,1,2733,,,,,sms,,,OSBS_039,Quercus laevis
1422,20141121,39,3,2734,,,,,sms,,,OSBS_039,Quercus laevis
1423,20141121,39,3,2739,,,,,sms,,,OSBS_039,Quercus laevis
1424,20141121,39,1,2740,,,,,smt,,,OSBS_039,Quercus laevis
1425,20141121,39,1,2741,,,,,smt,,,OSBS_039,Pinus palustris
1426,20141121,39,1,2742,,,,,sms,,,OSBS_039,Quercus laevis
1427,20141121,39,1,2743,,,,,smt,,,OSBS_039,Quercus laevis
1428,20141121,39,1,2744,,,,,smt,,,OSBS_039,Pinus palustris
1429,20141121,39,3,2745,,,,,smt,,,OSBS_039,Pinus palustris
1430,20141121,39,3,2746,,,,,smt,NTEF,,OSBS_039,Pinus palustris
1431,20141121,39,3,2747,,,,,sms,,,OSBS_039,Quercus laevis
1432,20141121,39,3,2749,,,,,smt,,,OSBS_039,Quercus laevis
1433,20141121,39,3,2748,,,,,smt,NTEF,,OSBS_039,Pinus palustris
1434,20141121,41,1,1476,,,,,sms,,,OSBS_039,Quercus laevis
1435,20141121,41,1,1474A,,,,,smt,,,OSBS_039,Quercus laevis
1436,20141121,41,1,1474B,,,,,smt,,,OSBS_039,Quercus laevis
1437,20141121,41,1,1477,,,,,sms,,,OSBS_039,Quercus laevis
1438,20141121,41,1,1492,,,,,sms,,,OSBS_039,Quercus laevis
1439,20141121,41,1,2735,,,,,sms,,,OSBS_039,Quercus laevis
1440,20141121,41,1,2736,,,,,sms,NTEF,,OSBS_039,Quercus laevis
1441,20141121,41,1,2737,,,,,sms,,,OSBS_039,Quercus laevis
1442,20141121,41,1,1468,,,,,sms,,,OSBS_039,Quercus laevis
1443,20141121,41,1,1495,,,,,sms,,,OSBS_039,Quercus laevis
1444,20141121,41,4,1469,,,,,sms,,,OSBS_039,Quercus laevis
1445,20141121,41,4,1467,,,,,smt,,,OSBS_039,Quercus laevis
1446,20141121,41,4,1465,,,,,smt,,,OSBS_039,Quercus laevis
1447,20141121,23,4,1401,,,,,smt,,,OSBS_039,Quercus laevis
1448,20141121,23,4,1402,,,,,smt,,,OSBS_039,Quercus laevis
1449,20141121,23,4,1403,,,,,sms,,,OSBS_039,Quercus laevis
1450,20141121,23,4,1405,,,,,sms,NTEF,,OSBS_039,Pinus palustris
1451,20141121,23,4,1407,,,,,sms,,,OSBS_039,Quercus laevis
1452,20141121,23,4,1406,,,,,sms,,,OSBS_039,Quercus laevis
1453,20141121,23,4,1413,,,,,sms,,,OSBS_039,Quercus laevis
1454,20141121,23,4,2750,,,,,sms,,,OSBS_039,Quercus laevis
1455,20141121,23,4,1414,,,,,sms,,,OSBS_039,Pinus palustris
1456,20141121,23,4,1404,,,,,smt,NTEF,,OSBS_039,Quercus laevis
1457,20141121,23,4,1410,,,,,smt,,,OSBS_039,Quercus laevis
1458,20141121,23,4,1411,,,,,sms,,,OSBS_039,Quercus laevis
1459,20141121,23,4,1429,,,,,sms,,,OSBS_039,Quercus laevis
1460,20141201,21,1,3200,,160.5,13.9,,sbt,,39,OSBS_035,Pinus palustris
1461,20141201,21,1,3201,,175.1,18,,sbt,,39,OSBS_035,Pinus palustris
1462,20141201,23,1,3192,,214,26.6,,sbt,NTEF,43,OSBS_035,Pinus palustris
1463,20141201,23,1,3193,,226.4,20.5,,sbt,,43,OSBS_035,Pinus palustris
1464,20141201,23,3,3190,,259,13,,sbt,,43,OSBS_035,Pinus palustris
1465,20141201,23,2,3191,,182.3,17.7,,sbt,,43,OSBS_035,Pinus palustris
1466,20141201,41,4,3218,,341.1,9.9,,sbt,,43,OSBS_035,Pinus palustris
1467,20141201,41,2,3211,,288.6,7.3,,sbt,,43,OSBS_035,Pinus palustris
1468,20141201,41,1,3216,,274.6,15.5,,sbt,,43,OSBS_035,Pinus palustris
1469,20141201,41,1,3215,,277.9,18.2,,sbt,,43,OSBS_035,Pinus palustris
1470,20141201,41,2,3210,,310.9,11.6,,sbt,,43,OSBS_035,Pinus palustris
1471,20141201,41,4,3220,,324.5,17.9,,sbt,,43,OSBS_035,Pinus palustris
1472,20141201,41,4,3221,,329.5,19.1,,sbt,NTEF,43,OSBS_035,Pinus palustris
1473,20141201,41,4,3227,,337.3,21.3,,sbt,,43,OSBS_035,Pinus palustris
1474,20141201,41,4,3226,,344.3,19.4,,sbt,,43,OSBS_035,Pinus palustris
1475,20141201,41,4,3225,,349.7,18.9,,sbt,,43,OSBS_035,Pinus palustris
1476,20141201,41,4,3223,,351.4,17.6,,sbt,,43,OSBS_035,Pinus palustris
1477,20141201,41,4,3222,,346.1,16.4,,sbt,,43,OSBS_035,Pinus palustris
1478,20141201,41,4,3224,,358.4,18.3,,sbt,NTEF,43,OSBS_035,Pinus palustris
1479,20141201,41,4,3259,,,,,smt,,,OSBS_035,Pinus palustris
1480,20141201,41,4,3258,,,,,smt,,,OSBS_035,Pinus palustris
1481,20141201,41,4,3261,,,,,sms,,,OSBS_035,Quercus laevis
1482,20141201,41,4,3260,,,,,sms,,,OSBS_035,Quercus laevis
1483,20141201,41,4,3256,,,,,smt,,,OSBS_035,Pinus palustris
1484,20141201,41,4,3257,,,,,smt,,,OSBS_035,Pinus palustris
1485,20141201,41,4,3255,,,,,smt,,,OSBS_035,Pinus palustris
1486,20141201,41,4,3263,,,,,sms,,,OSBS_035,Quercus laevis
1487,20141201,41,4,3262,,,,,smt,,,OSBS_035,Pinus palustris
1488,20141201,41,4,3252,,,,cf. species,smt,NTEF,,OSBS_035,Quercus laevis
1489,20141201,41,4,3253,,,,,smt,,,OSBS_035,Quercus laevis
1490,20141201,41,4,3254,,,,,smt,,,OSBS_035,Pinus palustris
1491,20141201,41,1,3251,,,,,sms,,,OSBS_035,Quercus laevis
1492,20141201,41,1,3250,,,,,sms,,,OSBS_035,Quercus laevis
1493,20141201,41,1,3249,,,,,sms,,,OSBS_035,Quercus laevis
1494,20141201,41,1,3248,,,,,smt,,,OSBS_035,Quercus laevis
1495,20141201,41,1,3246,,,,,smt,,,OSBS_035,Pinus palustris
1496,20141201,41,1,3247,,,,,sap,,,OSBS_035,Pinus palustris
1497,20141201,41,1,3245,,,,,sms,,,OSBS_035,Asimina incana
1498,20141201,41,1,3243,,,,cf. species,sms,NTEF,,OSBS_035,Asimina incana
1499,20141201,41,1,3244,,,,,sms,,,OSBS_035,Quercus laevis
1500,20141201,41,1,3234,,,,,sms,,,OSBS_035,Quercus laevis
1501,20141201,23,4,3235,,,,,smt,,,OSBS_035,Pinus palustris
1502,20141201,23,4,3236,,,,cf. species,sms,,,OSBS_035,Asimina incana
1503,20141201,23,4,3228,,,,,smt,,,OSBS_035,Quercus laevis
1504,20141201,23,4,3230,,,,,sap,,,OSBS_035,Pinus palustris
1505,20141201,23,4,3237,,,,,sap,,,OSBS_035,Pinus palustris
1506,20141201,23,4,3229,,,,,sap,,,OSBS_035,Pinus palustris
1507,20141201,23,4,3239,,,,,sap,,,OSBS_035,Pinus palustris
1508,20141201,23,4,3231,,,,,smt,NTEF,,OSBS_035,Quercus laevis
1509,20141201,23,4,3232,,,,cf. species,sap,,,OSBS_035,Asimina incana
1510,20141201,23,4,3233,,,,,sms,,,OSBS_035,Quercus laevis
1511,20141201,23,2,3242,,,,cf. species,sap,,,OSBS_035,Asimina incana
1512,20141201,23,2,3241,,,,,sap,,,OSBS_035,Pinus palustris
1513,20141201,23,2,3240,,,,,smt,NTEF,,OSBS_035,Quercus laevis
1514,20141203,23,1,3323,,80.9,8.6,,sbt,NTEF,23,OSBS_037,Pinus palustris
1515,20141203,23,4,3324,,44.6,22.7,,sbt,,23,OSBS_037,Pinus palustris
1516,20141203,23,4,3335,,40,24.4,cf. family,sbt,Unknown; dead,23,OSBS_037,
1517,20141203,23,3,3325,,24.1,21.1,,sbt,,23,OSBS_037,Pinus palustris
1518,20141203,41,1,3334,,27.4,22.9,,sbt,,23,OSBS_037,Pinus palustris
1519,20141203,41,1,3333,,17.3,26.3,,sbt,,23,OSBS_037,Pinus palustris
1520,20141203,41,2,3336,,32.2,30.5,,sbt,NTEF,23,OSBS_037,Pinus palustris
1521,20141203,41,3,3332,,7.1,32.1,,sbt,,23,OSBS_037,Pinus palustris
1522,20141203,41,3,3331,,3.9,34.4,,sbt,,23,OSBS_037,Pinus palustris
1523,20141203,39,4,3330,,0.4,36.8,,sbt,,23,OSBS_037,Pinus palustris
1524,20141203,39,1,3329,,356.3,25.1,,sbt,,23,OSBS_037,Pinus palustris
1525,20141203,21,4,3326,,1.2,16.6,,sbt,,23,OSBS_037,Pinus palustris
1526,20141203,21,3,3327,,324.7,21.3,,sbt,,23,OSBS_037,Pinus palustris
1527,20141203,21,3,3328,,299.2,19.3,,sbt,NTEF,23,OSBS_037,Pinus palustris
1528,20141203,21,1,3368,,,,,sms,,,OSBS_037,Quercus laevis
1529,20141203,21,1,3366,,,,,sms,,,OSBS_037,Quercus laevis
1530,20141203,21,1,3367,,,,,sms,NTEF,,OSBS_037,Quercus laevis
1531,20141203,21,1,3365,,,,,sms,,,OSBS_037,Quercus laevis
1532,20141203,21,4,3364,,,,,sms,,,OSBS_037,Quercus laevis
1533,20141203,21,4,3363,,,,,sms,,,OSBS_037,Quercus laevis
1534,20141203,21,4,3362,,,,,sms,,,OSBS_037,Quercus laevis
1535,20141203,21,4,3361,,,,,sms,,,OSBS_037,Quercus laevis
1536,20141203,21,4,3360,,,,,sms,,,OSBS_037,Quercus laevis
1537,20141203,21,4,3359,,,,,sms,,,OSBS_037,Quercus laevis
1538,20141203,21,4,3358,,,,,smt,,,OSBS_037,Quercus laevis
1539,20141203,39,1,3352,,,,,smt,,,OSBS_037,Quercus laevis
1540,20141203,39,1,3353,,,,,smt,NTEF,,OSBS_037,Pinus palustris
1541,20141203,39,1,3357,,,,,smt,,,OSBS_037,Quercus laevis
1542,20141203,39,1,3356,,,,,smt,,,OSBS_037,Pinus palustris
1543,20141203,39,1,3355,,,,,sms,,,OSBS_037,Quercus laevis
1544,20141203,39,1,3350,,,,,sms,,,OSBS_037,Quercus laevis
1545,20141203,39,1,3349,,,,,sap,,,OSBS_037,Quercus laevis
1546,20141203,39,1,3351,,,,,sms,,,OSBS_037,Quercus laevis
1547,20141203,39,1,3354,,,,,sms,,,OSBS_037,Quercus laevis
1548,20141203,39,1,3346,,,,,smt,,,OSBS_037,Quercus laevis
1549,20141203,39,1,3343,,,,,sap,,,OSBS_037,Pinus palustris
1550,20141203,39,1,3344,,,,,sms,NTEF,,OSBS_037,Quercus laevis
1551,20141203,39,1,3347,,,,,sms,,,OSBS_037,Quercus laevis
1552,20141203,39,1,3348,,,,,sms,,,OSBS_037,Quercus laevis
1553,20141203,39,3,3342,,,,,smt,,,OSBS_037,Pinus palustris
1554,20141203,39,3,3340,,,,,smt,,,OSBS_037,Pinus palustris
1555,20141203,39,3,3341,,,,,sms,,,OSBS_037,Quercus laevis
1556,20141203,39,3,3338,,,,,smt,NTEF,,OSBS_037,Pinus palustris
1557,20141124,23,2,3001,,272.7,2.6,,sbt,NTEF,25,OSBS_038,Pinus palustris
1558,20141124,23,2,3002,,275.8,5.6,,sbt,,25,OSBS_038,Pinus palustris
1559,20141124,23,1,3003,,277.7,10.6,,sbt,,25,OSBS_038,Pinus palustris
1560,20141124,23,1,3004,,276.7,15.9,,sbt,,25,OSBS_038,Quercus laevis
1561,20141124,23,1,3005,,287.3,18.4,,sbt,,25,OSBS_038,Pinus palustris
1562,20141124,23,1,3009,,291.8,15.2,,sbt,,25,OSBS_038,Quercus laevis
1563,20141124,23,1,3010,,289.5,13.2,,sbt,,25,OSBS_038,Pinus palustris
1564,20141124,23,2,3011,,293.5,10.7,,sbt,,25,OSBS_038,Pinus palustris
1565,20141124,23,1,3007,,299.8,23.5,,sbt,,25,OSBS_038,Pinus palustris
1566,20141124,23,1,3008,,305.8,23.5,,sbt,,25,OSBS_038,Pinus palustris
1567,20141124,23,1,3021,,318.2,27.1,,sbt,NTEF,25,OSBS_038,Pinus palustris
1568,20141124,23,1,3022,,321.8,24.7,,sbt,,25,OSBS_038,Quercus laevis
1569,20141124,23,1,3020,,320,23.6,,sbt,,25,OSBS_038,Pinus palustris
1570,20141124,23,1,3019,,319.1,22,,sbt,,25,OSBS_038,Pinus palustris
1571,20141124,23,1,3017,,323.8,18.2,,sbt,,25,OSBS_038,Pinus palustris
1572,20141124,23,1,3018,,24.9,19.6,,sbt,,23,OSBS_038,Pinus palustris
1573,20141124,23,1,3073,,329.2,21.8,,sbt,,25,OSBS_038,Pinus palustris
1574,20141124,23,2,3012,,303.8,11.2,,sbt,,25,OSBS_038,Pinus palustris
1575,20141124,23,2,3013,,305.3,12,,sbt,,25,OSBS_038,Pinus palustris
1576,20141124,23,2,3014,,327,9.1,,sbt,,25,OSBS_038,Quercus laevis
1577,20141124,23,2,3016,,324.7,14.8,,sbt,NTEF,25,OSBS_038,Pinus palustris
1578,20141124,23,2,3015,,332.2,10.1,,sbt,,25,OSBS_038,Pinus palustris
1579,20141124,23,2,3023,,339.5,20.2,,sbt,,25,OSBS_038,Quercus laevis
1580,20141124,23,2,3024,,348.6,17.3,,sbt,,25,OSBS_038,Quercus laevis
1581,20141124,23,2,3025,,350.8,16.2,,sbt,,25,OSBS_038,Pinus palustris
1582,20141124,23,2,3026,,0.3,19.5,,sbt,,25,OSBS_038,Pinus palustris
1583,20141124,41,2,3074,,290.6,1.1,,sbt,,43,OSBS_038,Pinus palustris
1584,20141124,41,2,3075,,310.4,3,,sbt,,43,OSBS_038,Pinus palustris
1585,20141124,41,2,3076,,283.4,3.5,,sbt,,43,OSBS_038,Pinus palustris
1586,20141124,41,1,3077,,278.1,8.1,,sbt,,43,OSBS_038,Pinus palustris
1587,20141124,41,1,3078,,279.7,10.5,,sbt,NTEF,43,OSBS_038,Pinus palustris
1588,20141124,41,1,3072,,273.3,13.7,,sbt,,43,OSBS_038,Quercus laevis
1589,20141124,41,1,3068,,274.5,18.5,,sbt,,43,OSBS_038,Pinus palustris
1590,20141124,41,1,3065,,5.1,7.8,,sbt,,41,OSBS_038,Pinus palustris
1591,20141124,41,1,3064,,11.2,8.3,,sbt,,41,OSBS_038,Pinus palustris
1592,20141124,41,1,3067,,25,9.4,,sbt,,41,OSBS_038,Pinus palustris
1593,20141124,41,3,3064,,8.7,11.2,,sbt,,41,OSBS_038,Pinus palustris
1594,20141124,41,3,3069,,22.1,11.5,,sbt,,41,OSBS_038,Pinus palustris
1595,20141124,41,3,3070,,28,12.2,,sbt,,41,OSBS_038,Pinus palustris
1596,20141124,41,3,3063,,4.1,13.4,,sbt,,41,OSBS_038,Pinus palustris
1597,20141124,41,3,3062,,34.3,17.4,,sbt,NTEF,41,OSBS_038,Pinus palustris
1598,20141124,41,4,3060,,44.6,21.3,,sbt,,41,OSBS_038,Quercus laevis
1599,20141124,41,4,3061,,52.3,23.5,,sbt,,41,OSBS_038,Pinus palustris
1600,20141124,41,4,3059,,32.1,22.3,,sbt,,41,OSBS_038,Quercus laevis
1601,20141124,41,2,3071,,57.7,14.6,,sbt,,41,OSBS_038,Pinus palustris
1602,20141124,41,2,3082,,63.3,12.6,,sbt,,41,OSBS_038,Pinus palustris
1603,20141124,41,2,3081,,66.8,10.7,,sbt,,41,OSBS_038,Pinus palustris
1604,20141124,41,2,3083,,76.1,20.7,,sbt,,41,OSBS_038,Pinus palustris
1605,20141124,39,1,3048,,16.8,3.9,,sbt,,39,OSBS_038,Pinus palustris
1606,20141124,39,3,3049,,12.3,14.4,,sbt,,39,OSBS_038,Pinus palustris
1607,20141124,39,3,3050,,22,14.7,,sbt,NTEF,39,OSBS_038,Pinus palustris
1608,20141124,39,4,3051,,44,17.3,,sbt,,39,OSBS_038,Pinus palustris
1609,20141124,39,1,3046,,81.2,8.1,,sbt,,39,OSBS_038,Pinus palustris
1610,20141124,39,1,3047,,77.4,7.1,,sbt,,39,OSBS_038,Pinus palustris
1611,20141124,39,2,3039,,90.1,17.3,,sbt,,39,OSBS_038,Pinus palustris
1612,20141124,39,2,3040,,85.5,17,,sbt,,39,OSBS_038,Pinus palustris
1613,20141124,39,2,3041,,80.2,17.5,,sbt,NTEF,39,OSBS_038,Quercus laevis
1614,20141124,39,2,3042,,81.8,18.3,,sbt,,39,OSBS_038,Pinus palustris
1615,20141124,39,2,3043,,64.3,22.5,,sbt,,39,OSBS_038,Pinus palustris
1616,20141124,39,4,3044,,61.7,20.1,,sbt,,39,OSBS_038,Pinus palustris
1617,20141124,39,4,3045,,60,18.9,,sbt,NTEF,39,OSBS_038,Pinus palustris
1618,20141124,39,4,3052,,55.4,22.1,,sbt,,39,OSBS_038,Pinus palustris
1619,20141124,39,4,3053,,52.4,23.2,,sbt,,39,OSBS_038,Pinus palustris
1620,20141124,39,4,3058,,53,26.7,,sbt,,39,OSBS_038,Pinus palustris
1621,20141124,39,4,3054,,50.5,24.3,,sbt,,39,OSBS_038,Pinus palustris
1622,20141124,39,4,3057,,46.5,25.4,,sbt,,39,OSBS_038,Quercus laevis
1623,20141124,39,4,3055,,45.4,22.8,,sbt,,39,OSBS_038,Quercus laevis
1624,20141124,39,4,3056,,40.7,21.9,,sbt,,39,OSBS_038,Quercus laevis
1625,20141124,39,4,3051,,43.9,17.3,,sbt,,39,OSBS_038,Pinus palustris
1626,20141124,21,4,3037,,99.5,16.6,,sbt,,39,OSBS_038,Pinus palustris
1627,20141124,21,4,3036,,101.8,15.8,,sbt,NTEF,39,OSBS_038,Pinus palustris
1628,20141124,21,4,3035,,106.4,15.9,,sbt,,39,OSBS_038,Pinus palustris
1629,20141124,21,4,3038,,108,17.7,,sbt,,39,OSBS_038,Pinus palustris
1630,20141124,21,4,3034,,110.6,15.2,,sbt,,39,OSBS_038,Pinus palustris
1631,20141124,21,3,3033,,112.4,10,,sbt,,39,OSBS_038,Pinus palustris
1632,20141124,21,3,3029,,109.3,3.4,,sbt,,39,OSBS_038,Pinus palustris
1633,20141124,21,3,3028,,165.3,3.8,,sbt,,39,OSBS_038,Pinus palustris
1634,20141124,21,3,3031,,150.1,6.1,,sbt,,39,OSBS_038,Pinus palustris
1635,20141124,21,3,3030,,134.9,8.1,,sbt,,39,OSBS_038,Pinus palustris
1636,20141124,21,2,3029,,122.5,17.5,,sbt,,39,OSBS_038,Quercus laevis
1637,20141124,21,2,3027,,133.6,20.8,,sbt,NTEF,39,OSBS_038,Quercus laevis
1638,20141124,21,2,3032,,167.4,12.2,,sbt,,39,OSBS_038,Pinus palustris
1639,20141124,23,2,3100,,,,,smt,,,OSBS_038,Pinus palustris
1640,20141124,23,2,3097,,,,,smt,,,OSBS_038,Pinus palustris
1641,20141124,23,2,3094,,,,,smt,,,OSBS_038,Quercus laevis
1642,20141124,23,4,3101,,,,,sms,,,OSBS_038,Quercus laevis
1643,20141124,23,4,3102,,,,,sms,,,OSBS_038,Quercus laevis
1644,20141124,23,4,3088,,,,,smt,,,OSBS_038,Quercus laevis
1645,20141124,23,4,3085,,,,,smt,,,OSBS_038,Quercus laevis
1646,20141124,23,4,3080,,,,,sms,,,OSBS_038,Quercus laevis
1647,20141124,23,4,3086,,,,,smt,NTEF,,OSBS_038,Pinus palustris
1648,20141124,23,4,3084,,,,,smt,,,OSBS_038,Quercus laevis
1649,20141124,23,4,3089,,,,,smt,,,OSBS_038,Quercus laevis
1650,20141124,23,4,3087,,,,,sap,,,OSBS_038,Pinus palustris
1651,20141124,23,4,3095,,,,,smt,,,OSBS_038,Pinus palustris
1652,20141124,23,4,3103,,,,,smt,,,OSBS_038,Quercus laevis
1653,20141124,23,4,3099,,,,,smt,,,OSBS_038,Quercus laevis
1654,20141124,23,2,3098,,,,,smt,,,OSBS_038,Pinus palustris
1655,20141124,23,2,3093,,,,,smt,,,OSBS_038,Pinus palustris
1656,20141124,23,2,3096,,,,,smt,,,OSBS_038,Pinus palustris
1657,20141124,23,4,3092,,,,,sap,NTEF,,OSBS_038,Pinus palustris
1658,20141124,23,4,3090,,,,,sap,,,OSBS_038,Pinus palustris
1659,20141124,23,4,3091,,,,,sap,,,OSBS_038,Pinus palustris
1660,20141124,41,4,3114,,,,,smt,,,OSBS_038,Pinus palustris
1661,20141124,41,4,3111,,,,,smt,,,OSBS_038,Pinus palustris
1662,20141124,41,4,3113,,,,,smt,,,OSBS_038,Pinus palustris
1663,20141124,41,4,3112,,,,,smt,,,OSBS_038,Pinus palustris
1664,20141124,41,4,3108,,,,,smt,,,OSBS_038,Pinus palustris
1665,20141124,41,4,3107,,,,,smt,,,OSBS_038,Pinus palustris
1666,20141124,41,4,3106,,,,,smt,,,OSBS_038,Pinus palustris
1667,20141124,41,4,3109,,,,,smt,NTEF,,OSBS_038,Pinus palustris
1668,20141124,41,4,3110,,,,,sap,,,OSBS_038,Pinus palustris
1669,20141124,41,1,3105,,,,,smt,,,OSBS_038,Pinus palustris
1670,20141124,41,1,3104,,,,,smt,,,OSBS_038,Pinus palustris
1671,20141121,23,2,2719,,270.6,18.9,,sbt,NTEF,25,OSBS_039,Pinus palustris
1672,20141121,23,4,1416,,,,,sms,,,OSBS_039,Quercus laevis
1673,20141121,23,2,1433,,,,,sms,,,OSBS_039,Quercus laevis
1674,20141121,23,2,1417,,,,,sms,,,OSBS_039,Quercus laevis
1675,20141121,23,2,1427,,,,,sms,,,OSBS_039,Quercus laevis
1676,20141121,23,2,1428,,,,,sms,,,OSBS_039,Quercus laevis
1677,20141121,23,2,1434,,,,,sms,,,OSBS_039,Quercus laevis
1678,20141121,23,2,1457,,,,,smt,,,OSBS_039,Quercus laevis
1679,20141121,23,2,1441,,,,,sms,,,OSBS_039,Quercus laevis
1680,20141121,23,2,2757,,,,,sms,NTEF,,OSBS_039,Quercus laevis
1681,20141121,23,2,1435,,,,,sms,,,OSBS_039,Quercus laevis
1682,20141121,23,2,1436,,,,,sms,,,OSBS_039,Quercus laevis
1683,20141121,23,2,2752,,,,,smt,,,OSBS_039,Quercus laevis
1684,20141121,23,2,1458,,,,,sms,,,OSBS_039,Quercus laevis
1685,20141121,23,2,2753,,,,,smt,NTEF,,OSBS_039,Quercus laevis
1686,20141210,41,2,6066,,340.7,5.1,,sbt,NTEF,43,OSBS_040,Pinus palustris
1687,20141210,41,2,3802,,353.6,9.7,,sbt,,43,OSBS_040,Pinus palustris
1688,20141210,41,4,3800,,336,11.4,,sbt,,43,OSBS_040,Quercus laevis
1689,20141210,41,4,3798,,320.2,13.8,,sbt,,43,OSBS_040,Quercus laevis
1690,20141210,41,4,3797,,330.9,16.7,,sbt,,43,OSBS_040,Pinus palustris
1691,20141210,41,4,3796,,334.3,21.1,,sbt,,43,OSBS_040,Quercus laevis
1692,20141210,41,4,3801,,338.5,18.1,,sbt,,43,OSBS_040,Pinus palustris
1693,20141210,41,4,3795,,344.8,20.1,,sbt,,43,OSBS_040,Pinus palustris
1694,20141210,41,4,3861,,358.7,20,,sbt,,43,OSBS_040,Pinus palustris
1695,20141210,41,2,3799,,291.5,10.6,,sbt,,43,OSBS_040,Pinus palustris
1696,20141210,41,1,3803,,285.9,11.9,,sbt,NTEF,43,OSBS_040,Pinus palustris
1697,20141210,41,1,3807,,275.1,15.2,,sbt,,43,OSBS_040,Pinus palustris
1698,20141210,41,1,3808,,273.9,18.9,,sbt,,43,OSBS_040,Pinus palustris
1699,20141210,41,1,3804,,286.7,14.4,,sbt,,43,OSBS_040,Pinus palustris
1700,20141210,41,1,3805,,297.4,15.4,,sbt,,43,OSBS_040,Pinus palustris
1701,20141210,41,1,3806,,298.4,16.2,,sbt,,43,OSBS_040,Pinus palustris
1702,20141210,41,1,3809,,293.3,21,,sbt,NTEF,43,OSBS_040,Quercus margarettae
1703,20141210,41,3,3810,,295.4,22,,sbt,NTEF,43,OSBS_040,Quercus margarettae
1704,20141210,41,3,3862,,297.4,20.6,,sbt,,43,OSBS_040,Quercus laevis
1705,20141210,41,3,3812,,314.9,23.4,,sbt,,43,OSBS_040,Pinus palustris
1706,20141210,41,3,3811,,311.3,27,,sbt,NTEF,43,OSBS_040,Pinus palustris
1707,20141210,41,3,3813,,323.3,22.3,,sbt,,43,OSBS_040,Pinus palustris
1708,20141210,39,4,3827,,307.4,29.9,,sbt,,43,OSBS_040,Quercus laevis
1709,20141210,39,4,3826,,51.4,21.4,,sbt,,39,OSBS_040,Quercus laevis
1710,20141210,39,3,3828,,18.6,20.2,,sbt,,39,OSBS_040,Pinus palustris
1711,20141210,39,3,3829,,293.7,42,,sbt,,43,OSBS_040,Pinus palustris
1712,20141210,39,3,3830,,289,39.6,,sbt,,43,OSBS_040,Pinus palustris
1713,20141210,39,3,3831,,287.3,34.4,,sbt,,43,OSBS_040,Pinus palustris
1714,20141210,39,1,3832,,275,37.4,,sbt,,43,OSBS_040,Pinus palustris
1715,20141210,23,3,3817,,258,10.6,,sbt,,43,OSBS_040,Quercus laevis
1716,20141210,23,3,3816,,249,13.4,,sbt,NTEF,43,OSBS_040,Quercus laevis
1717,20141210,23,1,6072,,231.7,24.3,,sbt,,43,OSBS_040,Quercus laevis
1718,20141210,23,1,3814,,225,27,,sbt,,43,OSBS_040,Pinus palustris
1719,20141210,23,1,3815,,223.4,23.3,,sbt,,43,OSBS_040,Quercus laevis
1720,20141210,23,1,3819,,214.5,21.8,,sbt,,43,OSBS_040,Pinus palustris
1721,20141210,23,2,3820,,204.7,21.9,,sbt,,43,OSBS_040,Quercus laevis
1722,20141210,23,2,3824,,208.3,17.2,,sbt,,43,OSBS_040,Quercus laevis
1723,20141210,23,2,6067,,212.2,13.8,,sbt,,43,OSBS_040,Quercus laevis
1724,20141210,23,2,3823,,196.5,13.8,,sbt,,43,OSBS_040,Quercus laevis
1725,20141210,23,2,3822,,183.3,16,,sbt,,43,OSBS_040,Quercus laevis
1726,20141210,23,2,3821,,188.2,20.2,,sbt,NTEF,43,OSBS_040,Quercus laevis
1727,20141210,21,4,3835,,93.8,19.5,,sbt,,39,OSBS_040,Pinus palustris
1728,20141210,21,4,3836,,99,18.4,,sbt,,39,OSBS_040,Pinus palustris
1729,20141210,21,4,3834,,102.1,9.8,,sbt,,39,OSBS_040,Pinus palustris
1730,20141210,21,4,3837,,122.5,12.7,,sbt,,39,OSBS_040,Pinus palustris
1731,20141210,21,2,3584,,123.6,16.9,,sbt,,39,OSBS_040,Pinus palustris
1732,20141210,21,2,3855,,119.7,19.1,,sbt,,39,OSBS_040,Pinus palustris
1733,20141210,21,2,3853,,139.6,16.5,,sbt,,39,OSBS_040,Pinus palustris
1734,20141210,21,2,6074,,145.3,18.6,,sbt,,39,OSBS_040,Quercus laevis
1735,20141210,21,2,3856,,134.2,25.1,,sbt,,39,OSBS_040,Quercus laevis
1736,20141210,21,2,3857,,142,23.2,,sbt,NTEF,39,OSBS_040,Quercus laevis
1737,20141210,21,1,3858,,87.8,9.2,,sbt,,21,OSBS_040,Pinus palustris
1738,20141210,21,1,3859,,79.8,6.5,,sbt,,21,OSBS_040,Quercus laevis
1739,20141210,21,1,3860,,170.5,19.7,,sbt,,39,OSBS_040,Pinus palustris
1740,20141210,21,1,6075,,145.6,16,,sbt,,39,OSBS_040,Pinus palustris
1741,20141210,21,1,3857,,143.4,14.6,,sbt,,39,OSBS_040,Pinus palustris
1742,20141210,21,1,3850,,153.7,12.2,,sbt,,39,OSBS_040,Quercus laevis
1743,20141210,21,1,3849,,158.4,12.3,,sbt,,39,OSBS_040,Pinus palustris
1744,20141210,21,3,3852,,136,9.6,,sbt,,39,OSBS_040,Pinus palustris
1745,20141210,21,3,3833,,105.9,6.4,,sbt,,39,OSBS_040,Pinus palustris
1746,20141210,21,3,3839,,97.2,3.6,,sbt,NTEF,39,OSBS_040,Pinus palustris
1747,20141210,21,3,3838,,129.4,4.9,,sbt,,39,OSBS_040,Pinus palustris
1748,20141210,21,3,3845,,139.7,7.5,,sbt,,39,OSBS_040,Pinus palustris
1749,20141210,21,3,3846,,146.5,7.1,,sbt,,39,OSBS_040,Pinus palustris
1750,20141210,21,3,3848,,151.6,8.3,,sbt,,39,OSBS_040,Pinus palustris
1751,20141210,21,3,3840,,148.7,3.7,,sbt,NTEF,39,OSBS_040,Pinus palustris
1752,20141210,21,3,3841,,151,1.8,,sbt,,39,OSBS_040,Pinus palustris
1753,20141210,21,3,3843,,159.3,5.2,,sbt,,39,OSBS_040,Pinus palustris
1754,20141210,21,3,3842,,169.1,4.6,,sbt,,39,OSBS_040,Pinus palustris
1755,20141210,21,3,3847,,162,6.3,,sbt,,39,OSBS_040,Pinus palustris
1756,20141210,21,3,3844,,177.5,6.1,,sbt,NTEF,39,OSBS_040,Pinus palustris
1757,20141210,21,1,3905,,,,,smt,,,OSBS_040,Pinus palustris
1758,20141210,21,1,3906,,,,,smt,,,OSBS_040,Pinus palustris
1759,20141210,21,1,3908,,,,,smt,,,OSBS_040,Pinus palustris
1760,20141210,21,1,3926,,,,,sap,,,OSBS_040,Pinus palustris
1761,20141210,21,1,3909,,,,,smt,NTEF,,OSBS_040,Pinus palustris
1762,20141210,21,1,3910,,,,,smt,NTEF,,OSBS_040,Pinus palustris
1763,20141210,21,2,3930,,,,,smt,,,OSBS_040,Quercus laevis
1764,20141210,21,2,3918,,,,,smt,,,OSBS_040,Quercus laevis
1765,20141210,21,2,3920,,,,,smt,,,OSBS_040,Pinus palustris
1766,20141210,21,2,3919,,,,,smt,,,OSBS_040,Pinus palustris
1767,20141210,21,2,3912,,,,,smt,,,OSBS_040,Pinus palustris
1768,20141210,21,2,3912,,,,,smt,,,OSBS_040,Pinus palustris
1769,20141210,21,2,3921,,,,,smt,,,OSBS_040,Pinus palustris
1770,20141210,21,2,3917,,,,,smt,,,OSBS_040,Pinus palustris
1771,20141210,21,2,3916,,,,,smt,,,OSBS_040,Pinus palustris
1772,20141210,21,2,3915,,,,,sms,,,OSBS_040,Quercus laevis
1773,20141210,21,2,3913,,,,,smt,NTEF,,OSBS_040,Pinus palustris
1774,20141210,21,2,3907,,,,,smt,,,OSBS_040,Pinus palustris
1775,20141210,21,2,3922,,,,,smt,,,OSBS_040,Pinus palustris
1776,20141210,21,2,3914,,,,,sms,,,OSBS_040,Quercus laevis
1777,20141210,21,2,3911,,,,,smt,,,OSBS_040,Pinus palustris
1778,20141210,21,1,3903,,,,,smt,,,OSBS_040,Pinus palustris
1779,20141210,21,1,3904,,,,,smt,,,OSBS_040,Pinus palustris
1780,20141210,21,1,3925,,,,,sms,,,OSBS_040,Quercus laevis
1781,20141210,21,3,3902,,,,,smt,,,OSBS_040,Pinus palustris
1782,20141210,21,3,3924,,,,,sap,,,OSBS_040,Quercus laevis
1783,20141210,21,3,3923,,,,,sms,NTEF,,OSBS_040,Quercus laevis
1784,20141210,21,3,3928,,,,,smt,,,OSBS_040,Pinus palustris
1785,20141210,21,3,3927,,,,,sms,,,OSBS_040,Quercus laevis
1786,20141210,21,3,3901,,,,,smt,,,OSBS_040,Pinus palustris
1787,20141210,21,4,3894,,,,,sms,,,OSBS_040,Quercus laevis
1788,20141210,21,4,3893,,,,,sap,,,OSBS_040,Pinus palustris
1789,20141210,21,4,3884,,,,,smt,,,OSBS_040,Quercus laevis
1790,20141210,21,4,3885,,,,,sms,,,OSBS_040,Quercus laevis
1791,20141210,21,4,3892,,,,,sms,,,OSBS_040,Quercus laevis
1792,20141210,21,4,3887,,,,,sap,,,OSBS_040,Quercus laevis
1793,20141210,21,4,3886,,,,,sap,,,OSBS_040,Quercus laevis
1794,20141210,21,4,3888,,,,,sms,,,OSBS_040,Quercus laevis
1795,20141210,21,4,3889,,,,,sap,,,OSBS_040,Quercus laevis
1796,20141210,21,4,3891,,,,,sms,NTEF,,OSBS_040,Quercus laevis
1797,20141210,39,2,3900,,,,,smt,,,OSBS_040,Quercus laevis
1798,20141210,39,2,3899,,,,,sap,,,OSBS_040,Quercus laevis
1799,20141210,39,2,3890,,,,,sms,,,OSBS_040,Quercus laevis
1800,20141210,39,2,3929,,,,,smt,,,OSBS_040,Quercus laevis
1801,20141210,39,2,3898,,,,,sms,,,OSBS_040,Quercus laevis
1802,20141210,39,2,3897,,,,,sap,,,OSBS_040,Quercus laevis
1803,20141210,39,2,3896,,,,,sms,,,OSBS_040,Quercus laevis
1804,20141210,39,2,3895,,,,,smt,,,OSBS_040,Quercus laevis
1805,20141210,39,2,3883,,,,,smt,,,OSBS_040,Quercus laevis
1806,20141210,39,2,3881,,,,,smt,NTEF,,OSBS_040,Quercus laevis
1807,20141210,39,2,3882,,,,,smt,,,OSBS_040,Quercus laevis
1808,20141210,39,2,3880,,,,,smt,,,OSBS_040,Quercus laevis
1809,20141210,39,1,3879,,,,,sap,,,OSBS_040,Quercus laevis
1810,20141210,39,1,3878,,,,,sms,NTEF,,OSBS_040,Quercus laevis
1811,20141210,39,1,3876,,,,,sms,,,OSBS_040,Quercus laevis
1812,20141210,39,1,3877,,,,,sms,,,OSBS_040,Quercus laevis
1813,20141210,39,1,3875,,,,,smt,,,OSBS_040,Quercus laevis
1814,20141210,39,1,3874,,,,,smt,,,OSBS_040,Quercus laevis
1815,20141210,39,1,3931,,,,,sms,,,OSBS_040,Quercus laevis
1816,20141210,39,1,3873,,,,,sms,,,OSBS_040,Quercus laevis
1817,20141210,39,1,3872,,,,,smt,,,OSBS_040,Quercus laevis
1818,20141210,39,1,3871,,,,,smt,,,OSBS_040,Quercus laevis
1819,20141210,39,1,3870,,,,,smt,,,OSBS_040,Pinus palustris
1820,20141210,39,1,3869,,,,,smt,,,OSBS_040,Pinus palustris
1821,20141210,39,1,3868,,,,,sms,,,OSBS_040,Quercus laevis
1822,20141210,39,3,3866,,,,,smt,,,OSBS_040,Quercus laevis
1823,20141210,39,3,3867,,,,,sms,NTEF,,OSBS_040,Quercus laevis
1824,20141210,39,4,3865,,,,,sap,,,OSBS_040,Pinus palustris
1825,20141210,39,4,3864,,,,,sms,,,OSBS_040,Quercus laevis
1826,20141210,39,4,3863,,,,,smt,NTEF,,OSBS_040,Pinus palustris
1827,20141202,39,1,3275,,43.3,14.4,,sbt,NTEF,39,OSBS_041,Pinus palustris
1828,20141202,39,2,3277,,56.9,16.5,,sbt,,39,OSBS_041,Pinus palustris
1829,20141202,39,3,3276,,40,15.7,,sbt,,39,OSBS_041,Pinus palustris
1830,20141202,39,3,3282,,,,,sbt,error in field collection,,OSBS_041,Pinus palustris
1831,20141202,39,3,3281,,42.4,22,,sbt,,39,OSBS_041,Pinus palustris
1832,20141202,39,4,3279,,46.8,21.4,,sbt,NTEF,39,OSBS_041,Pinus palustris
1833,20141202,39,4,3278,,50.9,19.3,,sbt,,39,OSBS_041,Pinus palustris
1834,20141202,39,4,3280,,48.3,23.7,,sbt,,39,OSBS_041,Pinus palustris
1835,20141202,39,4,3283,,42.6,25,,sbt,,39,OSBS_041,Pinus palustris
1836,20141202,39,2,3274,,88.1,16.6,,sbt,,39,OSBS_041,Pinus palustris
1837,20141202,41,1,3272,,87.4,23.7,,sbt,,39,OSBS_041,Pinus palustris
1838,20141202,41,1,3273,,87,24.6,,sbt,,39,OSBS_041,Pinus palustris
1839,20141202,41,2,3270,,87.2,40.4,,sbt,,39,OSBS_041,Pinus palustris
1840,20141202,41,2,3271,,78.6,37.4,,sbt,,39,OSBS_041,Pinus palustris
1841,20141202,23,2,3269,,107.5,36.3,,sbt,,39,OSBS_041,Pinus palustris
1842,20141202,23,1,3268,,125,31.6,,sbt,NTEF,39,OSBS_041,Pinus palustris
1843,20141202,21,2,3266,,130.6,25.1,,sbt,,39,OSBS_041,Pinus palustris
1844,20141202,21,2,3267,,130.4,19.6,,sbt,,39,OSBS_041,Pinus palustris
1845,20141202,21,2,3321,,129.5,19.3,,sbt,,39,OSBS_041,Quercus laevis
1846,20141202,21,1,3264,,171.3,14.6,,sbt,,39,OSBS_041,Quercus laevis
1847,20141202,21,2,3265,,150.6,21.8,,smt,,39,OSBS_041,Pinus palustris
1848,20141202,23,1,3316,,,,,smt,,,OSBS_041,Pinus palustris
1849,20141202,23,3,3317,,,,,smt,,,OSBS_041,Quercus laevis
1850,20141202,23,3,3318,,,,,smt,,,OSBS_041,Pinus palustris
1851,20141202,23,3,3319,,,,,sms,,,OSBS_041,Quercus laevis
1852,20141202,23,3,3320,,,,,sms,NTEF,,OSBS_041,Quercus laevis
1853,20141202,23,3,3308,,,,,smt,,,OSBS_041,Quercus laevis
1854,20141202,23,2,3310,,,,,sms,,,OSBS_041,Quercus laevis
1855,20141202,23,2,3315,,,,,sms,,,OSBS_041,Quercus laevis
1856,20141202,23,2,3314,,,,,sms,,,OSBS_041,Quercus laevis
1857,20141202,23,2,3322,,,,,sms,,,OSBS_041,Quercus laevis
1858,20141202,23,2,3312,,,,,sms,,,OSBS_041,Quercus laevis
1859,20141202,23,2,3313,,,,,sap,,,OSBS_041,Quercus laevis
1860,20141202,23,2,3311,,,,,sms,,,OSBS_041,Quercus laevis
1861,20141202,23,4,3306,,,,,sms,,,OSBS_041,Quercus laevis
1862,20141202,23,4,3305,,,,,sms,NTEF,,OSBS_041,Quercus laevis
1863,20141202,23,4,3307,,,,,smt,NTEF,,OSBS_041,Quercus laevis
1864,20141202,23,4,3304,,,,,smt,,,OSBS_041,Quercus laevis
1865,20141202,23,4,3303,,,,,sms,,,OSBS_041,Quercus laevis
1866,20141202,23,4,3302,,,,,sms,,,OSBS_041,Quercus laevis
1867,20141202,23,4,3301,,,,,sms,,,OSBS_041,Quercus laevis
1868,20141202,23,4,3309,,,,,sms,,,OSBS_041,Quercus laevis
1869,20141202,41,2,3298,,,,,sap,,,OSBS_041,Quercus laevis
1870,20141202,41,2,3300,,,,,smt,,,OSBS_041,Quercus laevis
1871,20141202,41,2,3299,,,,,sms,,,OSBS_041,Quercus laevis
1872,20141202,41,2,3297,,,,,sms,,,OSBS_041,Quercus laevis
1873,20141202,41,1,3285,,,,,sms,NTEF,,OSBS_041,Quercus laevis
1874,20141202,41,1,3284,,,,,smt,,,OSBS_041,Quercus laevis
1875,20141202,41,1,3286,,,,,sms,,,OSBS_041,Quercus laevis
1876,20141202,41,3,3287,,,,,sms,,,OSBS_041,Quercus laevis
1877,20141202,41,3,3288,,,,,sap,,,OSBS_041,Pinus palustris
1878,20141202,41,3,3289,,,,,sms,,,OSBS_041,Quercus laevis
1879,20141202,41,4,3291,,,,,sap,,,OSBS_041,Pinus palustris
1880,20141202,41,4,3290,,,,,sms,NTEF,,OSBS_041,Quercus laevis
1881,20141202,41,4,3292,,,,,smt,,,OSBS_041,Pinus palustris
1882,20141202,41,4,3293,,,,,sms,,,OSBS_041,Quercus laevis
1883,20141202,41,4,3294,,,,,sms,NTEF,,OSBS_041,Quercus laevis
1884,20141202,41,4,3296,,,,,sms,,,OSBS_041,Quercus laevis
1885,20141202,41,4,3295,,,,,sms,NTEF,,OSBS_041,Quercus laevis
